tienda,nombre,precio_actual,precio_anterior,descuento_porcentaje,tamaño_botella,tipo_vino,pais_origen,region_origen,uva_varietal,url_producto,fecha_scraping
Amazon,CALIFORNIA,79.0,0.08,-10%,946 ML,tinto,,,,https://www.amazon.com.mx/VINO-TINTO-CALIFORNIA-946-ML/dp/B0CS7LZXVM/ref=sr_1_46?dib=eyJ2IjoiMSJ9.tvkbUE0byYeYxazXAz9b4o9sL7VsFvkoENuKVPopr5LgA6BgHehFK6EO7HmPaeweOLGMA20Qvs0ZLnIP1ISnvnb1qKrkznKIPfp3g5bKJeK_jwpdx9Zw6OQ_GJG-pBcsh_EIA_r51zVJOlZMnmzYBE0gXdyd52bcxEZexdT6fLBNQDofyvyq6iXGlBrnMH7e1cRjCoh9sTtv7RycHYuc_PCAc8SLJDAf_6XaAIa1YhEHfgC304DtApGEXMTSrgPbt5zC3uRDyDjyRNIir2sWt2Ei8bOb9hVBDhQaiupCqck.omWxhSBKV_LuDSVav_-gMghxRzlxtquBKLmWZazqIGQ&dib_tag=se&keywords=vino&qid=1758786115&sr=8-46,2025-09-25 01:42:43
Amazon,CUATRO SOLES,105.0,0.14,-32%,750 ML,tinto,,AMERIICA CENTRAL,Cabernet Sauvignon,https://www.amazon.com.mx/TINTO-CUATRO-SOLES-CABERNET-SAUVIGNON/dp/B0872KXHCK/ref=sr_1_15?dib=eyJ2IjoiMSJ9.tvkbUE0byYeYxazXAz9b4o9sL7VsFvkoENuKVPopr5LgA6BgHehFK6EO7HmPaeweOLGMA20Qvs0ZLnIP1ISnvnb1qKrkznKIPfp3g5bKJeK_jwpdx9Zw6OQ_GJG-pBcsh_EIA_r51zVJOlZMnmzYBE0gXdyd52bcxEZexdT6fLBNQDofyvyq6iXGlBrnMH7e1cRjCoh9sTtv7RycHYuc_PCAc8SLJDAf_6XaAIa1YhEHfgC304DtApGEXMTSrgPbt5zC3uRDyDjyRNIir2sWt2Ei8bOb9hVBDhQaiupCqck.omWxhSBKV_LuDSVav_-gMghxRzlxtquBKLmWZazqIGQ&dib_tag=se&keywords=vino&qid=1758786115&sr=8-15,2025-09-25 01:42:16
Amazon,Cuatro Soles,105.0,0.14,-32%,750 ML,tinto,,,Merlot,https://www.amazon.com.mx/Vino-Tinto-Cuatro-Soles-Merlot/dp/B07G2WRBX8/ref=sr_1_40?dib=eyJ2IjoiMSJ9.tvkbUE0byYeYxazXAz9b4o9sL7VsFvkoENuKVPopr5LgA6BgHehFK6EO7HmPaeweOLGMA20Qvs0ZLnIP1ISnvnb1qKrkznKIPfp3g5bKJeK_jwpdx9Zw6OQ_GJG-pBcsh_EIA_r51zVJOlZMnmzYBE0gXdyd52bcxEZexdT6fLBNQDofyvyq6iXGlBrnMH7e1cRjCoh9sTtv7RycHYuc_PCAc8SLJDAf_6XaAIa1YhEHfgC304DtApGEXMTSrgPbt5zC3uRDyDjyRNIir2sWt2Ei8bOb9hVBDhQaiupCqck.omWxhSBKV_LuDSVav_-gMghxRzlxtquBKLmWZazqIGQ&dib_tag=se&keywords=vino&qid=1758786115&sr=8-40,2025-09-25 01:42:38
Amazon,CUATRO SOLES,105.0,0.14,-32%,750 ML,rosado,,,Zinfandel,https://www.amazon.com.mx/VINO-ROSADO-CUATRO-SOLES-ZINFANDEL/dp/B0872LBFS9/ref=sr_1_49?dib=eyJ2IjoiMSJ9.tvkbUE0byYeYxazXAz9b4o9sL7VsFvkoENuKVPopr5LgA6BgHehFK6EO7HmPaeweOLGMA20Qvs0ZLnIP1ISnvnb1qKrkznKIPfp3g5bKJeK_jwpdx9Zw6OQ_GJG-pBcsh_EIA_r51zVJOlZMnmzYBE0gXdyd52bcxEZexdT6fLBNQDofyvyq6iXGlBrnMH7e1cRjCoh9sTtv7RycHYuc_PCAc8SLJDAf_6XaAIa1YhEHfgC304DtApGEXMTSrgPbt5zC3uRDyDjyRNIir2sWt2Ei8bOb9hVBDhQaiupCqck.omWxhSBKV_LuDSVav_-gMghxRzlxtquBKLmWZazqIGQ&dib_tag=se&keywords=vino&qid=1758786115&sr=8-49,2025-09-25 01:42:48
Amazon,Riunite Lambrusco Rosé,109.0,0.15,-31%,750 ML,,,"Emilia Romagna, Italia",,https://www.amazon.com.mx/Vino-Rosado-Riunite-Lambrusco-Ros%C3%A9/dp/B072534JYY/ref=sr_1_9?dib=eyJ2IjoiMSJ9.tvkbUE0byYeYxazXAz9b4o9sL7VsFvkoENuKVPopr5LgA6BgHehFK6EO7HmPaeweOLGMA20Qvs0ZLnIP1ISnvnb1qKrkznKIPfp3g5bKJeK_jwpdx9Zw6OQ_GJG-pBcsh_EIA_r51zVJOlZMnmzYBE0gXdyd52bcxEZexdT6fLBNQDofyvyq6iXGlBrnMH7e1cRjCoh9sTtv7RycHYuc_PCAc8SLJDAf_6XaAIa1YhEHfgC304DtApGEXMTSrgPbt5zC3uRDyDjyRNIir2sWt2Ei8bOb9hVBDhQaiupCqck.omWxhSBKV_LuDSVav_-gMghxRzlxtquBKLmWZazqIGQ&dib_tag=se&keywords=vino&qid=1758786115&sr=8-9,2025-09-25 01:42:10
Amazon,Santa Rita Tres Medallas Carmenere,117.0,0.16,-10%,750 ML,tinto,,"Valle Central, Chile.",,https://www.amazon.com.mx/Tinto-Santa-Rita-Medallas-Carmenere/dp/B08V21WY7T/ref=sr_1_13?dib=eyJ2IjoiMSJ9.tvkbUE0byYeYxazXAz9b4o9sL7VsFvkoENuKVPopr5LgA6BgHehFK6EO7HmPaeweOLGMA20Qvs0ZLnIP1ISnvnb1qKrkznKIPfp3g5bKJeK_jwpdx9Zw6OQ_GJG-pBcsh_EIA_r51zVJOlZMnmzYBE0gXdyd52bcxEZexdT6fLBNQDofyvyq6iXGlBrnMH7e1cRjCoh9sTtv7RycHYuc_PCAc8SLJDAf_6XaAIa1YhEHfgC304DtApGEXMTSrgPbt5zC3uRDyDjyRNIir2sWt2Ei8bOb9hVBDhQaiupCqck.omWxhSBKV_LuDSVav_-gMghxRzlxtquBKLmWZazqIGQ&dib_tag=se&keywords=vino&qid=1758786115&sr=8-13,2025-09-25 01:42:16
Amazon,Santa Rita Tres Medallas,117.0,117.0,-10%,750 ML,tinto,,América del Sur,Cabernet Sauvignon,https://www.amazon.com.mx/Santa-Rita-Medallas-Cabernet-Sauvignon/dp/B09B8M5Z6X/ref=sr_1_36?dib=eyJ2IjoiMSJ9.tvkbUE0byYeYxazXAz9b4o9sL7VsFvkoENuKVPopr5LgA6BgHehFK6EO7HmPaeweOLGMA20Qvs0ZLnIP1ISnvnb1qKrkznKIPfp3g5bKJeK_jwpdx9Zw6OQ_GJG-pBcsh_EIA_r51zVJOlZMnmzYBE0gXdyd52bcxEZexdT6fLBNQDofyvyq6iXGlBrnMH7e1cRjCoh9sTtv7RycHYuc_PCAc8SLJDAf_6XaAIa1YhEHfgC304DtApGEXMTSrgPbt5zC3uRDyDjyRNIir2sWt2Ei8bOb9hVBDhQaiupCqck.omWxhSBKV_LuDSVav_-gMghxRzlxtquBKLmWZazqIGQ&dib_tag=se&keywords=vino&qid=1758786115&sr=8-36,2025-09-25 01:42:35
Amazon,Santa Rita Tres Medallas,119.0,0.16,-10%,750 ML,tinto,,"Valle Central, Chile",Merlot,https://www.amazon.com.mx/Tinto-Santa-Rita-Medallas-Merlot/dp/B09BHFRH23/ref=sr_1_18?dib=eyJ2IjoiMSJ9.tvkbUE0byYeYxazXAz9b4o9sL7VsFvkoENuKVPopr5LgA6BgHehFK6EO7HmPaeweOLGMA20Qvs0ZLnIP1ISnvnb1qKrkznKIPfp3g5bKJeK_jwpdx9Zw6OQ_GJG-pBcsh_EIA_r51zVJOlZMnmzYBE0gXdyd52bcxEZexdT6fLBNQDofyvyq6iXGlBrnMH7e1cRjCoh9sTtv7RycHYuc_PCAc8SLJDAf_6XaAIa1YhEHfgC304DtApGEXMTSrgPbt5zC3uRDyDjyRNIir2sWt2Ei8bOb9hVBDhQaiupCqck.omWxhSBKV_LuDSVav_-gMghxRzlxtquBKLmWZazqIGQ&dib_tag=se&keywords=vino&qid=1758786115&sr=8-18,2025-09-25 01:42:20
Amazon,LAS MORAS DULCE,120.0,0.16,-35%,750ML,Rosado,,,,https://www.amazon.com.mx/LAS-MORAS-VARIETAL-ROSADO-750ML/dp/B0BL24XJ9K/ref=sr_1_5?dib=eyJ2IjoiMSJ9.tvkbUE0byYeYxazXAz9b4o9sL7VsFvkoENuKVPopr5LgA6BgHehFK6EO7HmPaeweOLGMA20Qvs0ZLnIP1ISnvnb1qKrkznKIPfp3g5bKJeK_jwpdx9Zw6OQ_GJG-pBcsh_EIA_r51zVJOlZMnmzYBE0gXdyd52bcxEZexdT6fLBNQDofyvyq6iXGlBrnMH7e1cRjCoh9sTtv7RycHYuc_PCAc8SLJDAf_6XaAIa1YhEHfgC304DtApGEXMTSrgPbt5zC3uRDyDjyRNIir2sWt2Ei8bOb9hVBDhQaiupCqck.omWxhSBKV_LuDSVav_-gMghxRzlxtquBKLmWZazqIGQ&dib_tag=se&keywords=vino&qid=1758786115&sr=8-5&ufe=app_do%3Aamzn1.fos.de93fa6a-174c-4df7-be7c-5bc8e9c5a71b,2025-09-25 01:42:04
Amazon,Santa Rita 120,132.03,0.18,-30%,750 ML,tinto,,América del Sur,Cabernet Sauvignon,https://www.amazon.com.mx/Tinto-Santa-Rita-Cabernet-Sauvignon/dp/B09BBSF685/ref=sr_1_50?dib=eyJ2IjoiMSJ9.tvkbUE0byYeYxazXAz9b4o9sL7VsFvkoENuKVPopr5LgA6BgHehFK6EO7HmPaeweOLGMA20Qvs0ZLnIP1ISnvnb1qKrkznKIPfp3g5bKJeK_jwpdx9Zw6OQ_GJG-pBcsh_EIA_r51zVJOlZMnmzYBE0gXdyd52bcxEZexdT6fLBNQDofyvyq6iXGlBrnMH7e1cRjCoh9sTtv7RycHYuc_PCAc8SLJDAf_6XaAIa1YhEHfgC304DtApGEXMTSrgPbt5zC3uRDyDjyRNIir2sWt2Ei8bOb9hVBDhQaiupCqck.omWxhSBKV_LuDSVav_-gMghxRzlxtquBKLmWZazqIGQ&dib_tag=se&keywords=vino&qid=1758786115&sr=8-50&ufe=app_do%3Aamzn1.fos.de93fa6a-174c-4df7-be7c-5bc8e9c5a71b,2025-09-25 01:42:47
Amazon,Viña Carmen Insigne Carmenere,140.32,0.19,-50%,750ML,tinto,,,,https://www.amazon.com.mx/Vi%C3%B1a-Carmen-Insigne-Carmenere-Tinto/dp/B01M8JJ80G/ref=sr_1_45?dib=eyJ2IjoiMSJ9.tvkbUE0byYeYxazXAz9b4o9sL7VsFvkoENuKVPopr5LgA6BgHehFK6EO7HmPaeweOLGMA20Qvs0ZLnIP1ISnvnb1qKrkznKIPfp3g5bKJeK_jwpdx9Zw6OQ_GJG-pBcsh_EIA_r51zVJOlZMnmzYBE0gXdyd52bcxEZexdT6fLBNQDofyvyq6iXGlBrnMH7e1cRjCoh9sTtv7RycHYuc_PCAc8SLJDAf_6XaAIa1YhEHfgC304DtApGEXMTSrgPbt5zC3uRDyDjyRNIir2sWt2Ei8bOb9hVBDhQaiupCqck.omWxhSBKV_LuDSVav_-gMghxRzlxtquBKLmWZazqIGQ&dib_tag=se&keywords=vino&qid=1758786115&sr=8-45&ufe=app_do%3Aamzn1.fos.de93fa6a-174c-4df7-be7c-5bc8e9c5a71b,2025-09-25 01:42:42
Amazon,Riunite Lambrusco,142.17,0.19,-10%,750 ML,,,Europa,,https://www.amazon.com.mx/VINO-TINTO-RIUNITE-LAMBRUSCO-750/dp/B0912TN6F6/ref=sr_1_14?dib=eyJ2IjoiMSJ9.tvkbUE0byYeYxazXAz9b4o9sL7VsFvkoENuKVPopr5LgA6BgHehFK6EO7HmPaeweOLGMA20Qvs0ZLnIP1ISnvnb1qKrkznKIPfp3g5bKJeK_jwpdx9Zw6OQ_GJG-pBcsh_EIA_r51zVJOlZMnmzYBE0gXdyd52bcxEZexdT6fLBNQDofyvyq6iXGlBrnMH7e1cRjCoh9sTtv7RycHYuc_PCAc8SLJDAf_6XaAIa1YhEHfgC304DtApGEXMTSrgPbt5zC3uRDyDjyRNIir2sWt2Ei8bOb9hVBDhQaiupCqck.omWxhSBKV_LuDSVav_-gMghxRzlxtquBKLmWZazqIGQ&dib_tag=se&keywords=vino&qid=1758786115&sr=8-14,2025-09-25 01:42:15
Amazon,LAS MORAS,145.0,0.19,,750 ML,Vino tinto,,,Malbec,https://www.amazon.com.mx/VINO-TINTO-LAS-MORAS-MALBEC/dp/B09122PFC3/ref=sr_1_7?dib=eyJ2IjoiMSJ9.tvkbUE0byYeYxazXAz9b4o9sL7VsFvkoENuKVPopr5LgA6BgHehFK6EO7HmPaeweOLGMA20Qvs0ZLnIP1ISnvnb1qKrkznKIPfp3g5bKJeK_jwpdx9Zw6OQ_GJG-pBcsh_EIA_r51zVJOlZMnmzYBE0gXdyd52bcxEZexdT6fLBNQDofyvyq6iXGlBrnMH7e1cRjCoh9sTtv7RycHYuc_PCAc8SLJDAf_6XaAIa1YhEHfgC304DtApGEXMTSrgPbt5zC3uRDyDjyRNIir2sWt2Ei8bOb9hVBDhQaiupCqck.omWxhSBKV_LuDSVav_-gMghxRzlxtquBKLmWZazqIGQ&dib_tag=se&keywords=vino&qid=1758786115&sr=8-7&ufe=app_do%3Aamzn1.fos.de93fa6a-174c-4df7-be7c-5bc8e9c5a71b,2025-09-25 01:42:10
Amazon,TRAPICHE VARIETAL,165.0,0.22,-21%,750 ML,Vino tinto,,,Malbec,https://www.amazon.com.mx/VINO-TINTO-TRAPICHE-MALBEC-750/dp/B0911TRH2B/ref=sr_1_16?dib=eyJ2IjoiMSJ9.tvkbUE0byYeYxazXAz9b4o9sL7VsFvkoENuKVPopr5LgA6BgHehFK6EO7HmPaeweOLGMA20Qvs0ZLnIP1ISnvnb1qKrkznKIPfp3g5bKJeK_jwpdx9Zw6OQ_GJG-pBcsh_EIA_r51zVJOlZMnmzYBE0gXdyd52bcxEZexdT6fLBNQDofyvyq6iXGlBrnMH7e1cRjCoh9sTtv7RycHYuc_PCAc8SLJDAf_6XaAIa1YhEHfgC304DtApGEXMTSrgPbt5zC3uRDyDjyRNIir2sWt2Ei8bOb9hVBDhQaiupCqck.omWxhSBKV_LuDSVav_-gMghxRzlxtquBKLmWZazqIGQ&dib_tag=se&keywords=vino&qid=1758786115&sr=8-16&ufe=app_do%3Aamzn1.fos.de93fa6a-174c-4df7-be7c-5bc8e9c5a71b,2025-09-25 01:42:20
Amazon,Las Moras,165.0,0.22,,750 ML,Vino blanco,,,Sauvignon Blanc,https://www.amazon.com.mx/Blanco-Sauvignon-Finca-Las-Moras/dp/B00O1TNWH4/ref=sr_1_20?dib=eyJ2IjoiMSJ9.tvkbUE0byYeYxazXAz9b4o9sL7VsFvkoENuKVPopr5LgA6BgHehFK6EO7HmPaeweOLGMA20Qvs0ZLnIP1ISnvnb1qKrkznKIPfp3g5bKJeK_jwpdx9Zw6OQ_GJG-pBcsh_EIA_r51zVJOlZMnmzYBE0gXdyd52bcxEZexdT6fLBNQDofyvyq6iXGlBrnMH7e1cRjCoh9sTtv7RycHYuc_PCAc8SLJDAf_6XaAIa1YhEHfgC304DtApGEXMTSrgPbt5zC3uRDyDjyRNIir2sWt2Ei8bOb9hVBDhQaiupCqck.omWxhSBKV_LuDSVav_-gMghxRzlxtquBKLmWZazqIGQ&dib_tag=se&keywords=vino&qid=1758786115&sr=8-20&ufe=app_do%3Aamzn1.fos.de93fa6a-174c-4df7-be7c-5bc8e9c5a71b,2025-09-25 01:42:21
Amazon,Alma Mora,179.0,0.24,-22%,750 ML,tinto,,,Malbec,https://www.amazon.com.mx/Vino-Tinto-Alma-Mora-Malbec/dp/B00BQX3OCG/ref=sr_1_6?dib=eyJ2IjoiMSJ9.tvkbUE0byYeYxazXAz9b4o9sL7VsFvkoENuKVPopr5LgA6BgHehFK6EO7HmPaeweOLGMA20Qvs0ZLnIP1ISnvnb1qKrkznKIPfp3g5bKJeK_jwpdx9Zw6OQ_GJG-pBcsh_EIA_r51zVJOlZMnmzYBE0gXdyd52bcxEZexdT6fLBNQDofyvyq6iXGlBrnMH7e1cRjCoh9sTtv7RycHYuc_PCAc8SLJDAf_6XaAIa1YhEHfgC304DtApGEXMTSrgPbt5zC3uRDyDjyRNIir2sWt2Ei8bOb9hVBDhQaiupCqck.omWxhSBKV_LuDSVav_-gMghxRzlxtquBKLmWZazqIGQ&dib_tag=se&keywords=vino&qid=1758786115&sr=8-6&ufe=app_do%3Aamzn1.fos.de93fa6a-174c-4df7-be7c-5bc8e9c5a71b,2025-09-25 01:42:11
Amazon,Alma Mora,179.0,0.24,-22%,750 ML,tinto,,,Cabernet Sauvignon,https://www.amazon.com.mx/Vino-Tinto-Cabernet-Sauvignon-Alma/dp/B07G751FZP/ref=sr_1_52?dib=eyJ2IjoiMSJ9.tvkbUE0byYeYxazXAz9b4o9sL7VsFvkoENuKVPopr5LgA6BgHehFK6EO7HmPaeweOLGMA20Qvs0ZLnIP1ISnvnb1qKrkznKIPfp3g5bKJeK_jwpdx9Zw6OQ_GJG-pBcsh_EIA_r51zVJOlZMnmzYBE0gXdyd52bcxEZexdT6fLBNQDofyvyq6iXGlBrnMH7e1cRjCoh9sTtv7RycHYuc_PCAc8SLJDAf_6XaAIa1YhEHfgC304DtApGEXMTSrgPbt5zC3uRDyDjyRNIir2sWt2Ei8bOb9hVBDhQaiupCqck.omWxhSBKV_LuDSVav_-gMghxRzlxtquBKLmWZazqIGQ&dib_tag=se&keywords=vino&qid=1758786115&sr=8-52&ufe=app_do%3Aamzn1.fos.de93fa6a-174c-4df7-be7c-5bc8e9c5a71b,2025-09-25 01:42:48
Amazon,Las Moras Varietal Reserva,179.1,0.24,-36%,750 ML,Vino tinto,,,Malbec,https://www.amazon.com.mx/Finca-Las-Moras-Reserva-Malbec/dp/B08NFH49HX/ref=sr_1_26?dib=eyJ2IjoiMSJ9.tvkbUE0byYeYxazXAz9b4o9sL7VsFvkoENuKVPopr5LgA6BgHehFK6EO7HmPaeweOLGMA20Qvs0ZLnIP1ISnvnb1qKrkznKIPfp3g5bKJeK_jwpdx9Zw6OQ_GJG-pBcsh_EIA_r51zVJOlZMnmzYBE0gXdyd52bcxEZexdT6fLBNQDofyvyq6iXGlBrnMH7e1cRjCoh9sTtv7RycHYuc_PCAc8SLJDAf_6XaAIa1YhEHfgC304DtApGEXMTSrgPbt5zC3uRDyDjyRNIir2sWt2Ei8bOb9hVBDhQaiupCqck.omWxhSBKV_LuDSVav_-gMghxRzlxtquBKLmWZazqIGQ&dib_tag=se&keywords=vino&qid=1758786115&sr=8-26&ufe=app_do%3Aamzn1.fos.de93fa6a-174c-4df7-be7c-5bc8e9c5a71b,2025-09-25 01:42:27
Amazon,BALERO - Media Botella Balero Elaborado con Uvas Merlot Grenache Marselan Contenido por botella: 375 mililitros Región: Baja California,197.0,0.53,,375 Mililitros,tinto,México,,Cabernet Sauvignon,https://www.amazon.com.mx/BALERO-Elaborado-Sauvignon-mililitros-California/dp/B08Q4HQR16/ref=sr_1_19?dib=eyJ2IjoiMSJ9.tvkbUE0byYeYxazXAz9b4o9sL7VsFvkoENuKVPopr5LgA6BgHehFK6EO7HmPaeweOLGMA20Qvs0ZLnIP1ISnvnb1qKrkznKIPfp3g5bKJeK_jwpdx9Zw6OQ_GJG-pBcsh_EIA_r51zVJOlZMnmzYBE0gXdyd52bcxEZexdT6fLBNQDofyvyq6iXGlBrnMH7e1cRjCoh9sTtv7RycHYuc_PCAc8SLJDAf_6XaAIa1YhEHfgC304DtApGEXMTSrgPbt5zC3uRDyDjyRNIir2sWt2Ei8bOb9hVBDhQaiupCqck.omWxhSBKV_LuDSVav_-gMghxRzlxtquBKLmWZazqIGQ&dib_tag=se&keywords=vino&qid=1758786115&sr=8-19&ufe=app_do%3Aamzn1.fos.de93fa6a-174c-4df7-be7c-5bc8e9c5a71b,2025-09-25 01:42:21
Amazon,BACARDI BACARDÍ Ron Sabor Frambuesa de Ron Saborizado Dulce y Cítrico Fórmula Única Para Mezclar Servir Frío,198.75,0.27,-29%,750 ML,,,,,https://www.amazon.com.mx/sspa/click?ie=UTF8&spc=MTo2MzA4MDU2MDAxOTA1NTEwOjE3NTg3ODYxMTU6c3BfbXRmOjMwMDE2MDYyMTgyMTkwMjo6MDo6&url=%2FBACARD%25C3%258D-Frambuesa-Saborizado-C%25C3%25ADtrico-F%25C3%25B3rmula%2Fdp%2FB07GQHBZTP%2Fref%3Dsr_1_21_sspa%3Fdib%3DeyJ2IjoiMSJ9.tvkbUE0byYeYxazXAz9b4o9sL7VsFvkoENuKVPopr5LgA6BgHehFK6EO7HmPaeweOLGMA20Qvs0ZLnIP1ISnvnb1qKrkznKIPfp3g5bKJeK_jwpdx9Zw6OQ_GJG-pBcsh_EIA_r51zVJOlZMnmzYBE0gXdyd52bcxEZexdT6fLBNQDofyvyq6iXGlBrnMH7e1cRjCoh9sTtv7RycHYuc_PCAc8SLJDAf_6XaAIa1YhEHfgC304DtApGEXMTSrgPbt5zC3uRDyDjyRNIir2sWt2Ei8bOb9hVBDhQaiupCqck.omWxhSBKV_LuDSVav_-gMghxRzlxtquBKLmWZazqIGQ%26dib_tag%3Dse%26keywords%3Dvino%26qid%3D1758786115%26sr%3D8-21-spons%26ufe%3Dapp_do%253Aamzn1.fos.de93fa6a-174c-4df7-be7c-5bc8e9c5a71b%26sp_csd%3Dd2lkZ2V0TmFtZT1zcF9tdGY%26psc%3D1,2025-09-25 01:42:24
Amazon,Santa Carolina Reservado,225.0,0.3,,750ML,tinto,Chile,América del Sur,Cabernet Sauvignon,https://www.amazon.com.mx/sspa/click?ie=UTF8&spc=MTo2MzA4MDU2MDAxOTA1NTEwOjE3NTg3ODYxMTU6c3BfYXRmOjMwMDg5NTc3NzE1MTkwMjo6MDo6&url=%2FVino-Tinto-Reservado-Cabernet-Sauvignon%2Fdp%2FB07G2TXL21%2Fref%3Dsr_1_4_sspa%3Fdib%3DeyJ2IjoiMSJ9.tvkbUE0byYeYxazXAz9b4o9sL7VsFvkoENuKVPopr5LgA6BgHehFK6EO7HmPaeweOLGMA20Qvs0ZLnIP1ISnvnb1qKrkznKIPfp3g5bKJeK_jwpdx9Zw6OQ_GJG-pBcsh_EIA_r51zVJOlZMnmzYBE0gXdyd52bcxEZexdT6fLBNQDofyvyq6iXGlBrnMH7e1cRjCoh9sTtv7RycHYuc_PCAc8SLJDAf_6XaAIa1YhEHfgC304DtApGEXMTSrgPbt5zC3uRDyDjyRNIir2sWt2Ei8bOb9hVBDhQaiupCqck.omWxhSBKV_LuDSVav_-gMghxRzlxtquBKLmWZazqIGQ%26dib_tag%3Dse%26keywords%3Dvino%26qid%3D1758786115%26sr%3D8-4-spons%26ufe%3Dapp_do%253Aamzn1.fos.de93fa6a-174c-4df7-be7c-5bc8e9c5a71b%26sp_csd%3Dd2lkZ2V0TmFtZT1zcF9hdGY%26psc%3D1,2025-09-25 01:42:04
Amazon,Santa Carolina Reservado,225.0,0.3,,750ML,tinto,Chile,América del Sur,Cabernet Sauvignon,https://www.amazon.com.mx/Vino-Tinto-Reservado-Cabernet-Sauvignon/dp/B07G2TXL21/ref=sr_1_42?dib=eyJ2IjoiMSJ9.tvkbUE0byYeYxazXAz9b4o9sL7VsFvkoENuKVPopr5LgA6BgHehFK6EO7HmPaeweOLGMA20Qvs0ZLnIP1ISnvnb1qKrkznKIPfp3g5bKJeK_jwpdx9Zw6OQ_GJG-pBcsh_EIA_r51zVJOlZMnmzYBE0gXdyd52bcxEZexdT6fLBNQDofyvyq6iXGlBrnMH7e1cRjCoh9sTtv7RycHYuc_PCAc8SLJDAf_6XaAIa1YhEHfgC304DtApGEXMTSrgPbt5zC3uRDyDjyRNIir2sWt2Ei8bOb9hVBDhQaiupCqck.omWxhSBKV_LuDSVav_-gMghxRzlxtquBKLmWZazqIGQ&dib_tag=se&keywords=vino&qid=1758786115&sr=8-42&ufe=app_do%3Aamzn1.fos.de93fa6a-174c-4df7-be7c-5bc8e9c5a71b,2025-09-25 01:42:42
Amazon,PACK 2 BOTELLAS DE CUATRO SOLES AFRUTADO,235.0,0.16,-10%,1500 Mililitros,,,,,https://www.amazon.com.mx/PACK-BOTELLAS-CUATRO-SOLES-AFRUTADO/dp/B08T6C3SV2/ref=sr_1_10?dib=eyJ2IjoiMSJ9.tvkbUE0byYeYxazXAz9b4o9sL7VsFvkoENuKVPopr5LgA6BgHehFK6EO7HmPaeweOLGMA20Qvs0ZLnIP1ISnvnb1qKrkznKIPfp3g5bKJeK_jwpdx9Zw6OQ_GJG-pBcsh_EIA_r51zVJOlZMnmzYBE0gXdyd52bcxEZexdT6fLBNQDofyvyq6iXGlBrnMH7e1cRjCoh9sTtv7RycHYuc_PCAc8SLJDAf_6XaAIa1YhEHfgC304DtApGEXMTSrgPbt5zC3uRDyDjyRNIir2sWt2Ei8bOb9hVBDhQaiupCqck.omWxhSBKV_LuDSVav_-gMghxRzlxtquBKLmWZazqIGQ&dib_tag=se&keywords=vino&qid=1758786115&sr=8-10,2025-09-25 01:42:11
Amazon,Intocables Las Moras Black Bot Violeta 750 mll,242.25,0.32,-15%,,Tinto,,,Malbec,https://www.amazon.com.mx/Las-Moras-Black-Malbec-Violeta/dp/B091Y3SDBQ/ref=sr_1_38?dib=eyJ2IjoiMSJ9.tvkbUE0byYeYxazXAz9b4o9sL7VsFvkoENuKVPopr5LgA6BgHehFK6EO7HmPaeweOLGMA20Qvs0ZLnIP1ISnvnb1qKrkznKIPfp3g5bKJeK_jwpdx9Zw6OQ_GJG-pBcsh_EIA_r51zVJOlZMnmzYBE0gXdyd52bcxEZexdT6fLBNQDofyvyq6iXGlBrnMH7e1cRjCoh9sTtv7RycHYuc_PCAc8SLJDAf_6XaAIa1YhEHfgC304DtApGEXMTSrgPbt5zC3uRDyDjyRNIir2sWt2Ei8bOb9hVBDhQaiupCqck.omWxhSBKV_LuDSVav_-gMghxRzlxtquBKLmWZazqIGQ&dib_tag=se&keywords=vino&qid=1758786115&sr=8-38&ufe=app_do%3Aamzn1.fos.de93fa6a-174c-4df7-be7c-5bc8e9c5a71b,2025-09-25 01:42:38
Amazon,Jp Chenet Classic,275.0,0.37,,750 ML,tinto,,,Merlot,https://www.amazon.com.mx/Tinto-Jp-Chenet-Classic-Merlot/dp/B003CG2NI6/ref=sr_1_51?dib=eyJ2IjoiMSJ9.tvkbUE0byYeYxazXAz9b4o9sL7VsFvkoENuKVPopr5LgA6BgHehFK6EO7HmPaeweOLGMA20Qvs0ZLnIP1ISnvnb1qKrkznKIPfp3g5bKJeK_jwpdx9Zw6OQ_GJG-pBcsh_EIA_r51zVJOlZMnmzYBE0gXdyd52bcxEZexdT6fLBNQDofyvyq6iXGlBrnMH7e1cRjCoh9sTtv7RycHYuc_PCAc8SLJDAf_6XaAIa1YhEHfgC304DtApGEXMTSrgPbt5zC3uRDyDjyRNIir2sWt2Ei8bOb9hVBDhQaiupCqck.omWxhSBKV_LuDSVav_-gMghxRzlxtquBKLmWZazqIGQ&dib_tag=se&keywords=vino&qid=1758786115&sr=8-51&ufe=app_do%3Aamzn1.fos.de93fa6a-174c-4df7-be7c-5bc8e9c5a71b,2025-09-25 01:42:47
Amazon,Apothic red 750,289.0,0.39,-12%,750 Mililitros,Vino tinto,,,,https://www.amazon.com.mx/Vino-Tinto-Apothic-Red-750/dp/B006AKN4LG/ref=sr_1_44?dib=eyJ2IjoiMSJ9.tvkbUE0byYeYxazXAz9b4o9sL7VsFvkoENuKVPopr5LgA6BgHehFK6EO7HmPaeweOLGMA20Qvs0ZLnIP1ISnvnb1qKrkznKIPfp3g5bKJeK_jwpdx9Zw6OQ_GJG-pBcsh_EIA_r51zVJOlZMnmzYBE0gXdyd52bcxEZexdT6fLBNQDofyvyq6iXGlBrnMH7e1cRjCoh9sTtv7RycHYuc_PCAc8SLJDAf_6XaAIa1YhEHfgC304DtApGEXMTSrgPbt5zC3uRDyDjyRNIir2sWt2Ei8bOb9hVBDhQaiupCqck.omWxhSBKV_LuDSVav_-gMghxRzlxtquBKLmWZazqIGQ&dib_tag=se&keywords=vino&qid=1758786115&sr=8-44&ufe=app_do%3Aamzn1.fos.de93fa6a-174c-4df7-be7c-5bc8e9c5a71b,2025-09-25 01:42:43
Amazon,Casa Madero Gran Reserva Shiraz,289.17,0.39,,750 ML,tinto,,,,https://www.amazon.com.mx/Casa-Madero-Grande-Reserva-Shiraz/dp/B07G76NYGY/ref=sr_1_31?dib=eyJ2IjoiMSJ9.tvkbUE0byYeYxazXAz9b4o9sL7VsFvkoENuKVPopr5LgA6BgHehFK6EO7HmPaeweOLGMA20Qvs0ZLnIP1ISnvnb1qKrkznKIPfp3g5bKJeK_jwpdx9Zw6OQ_GJG-pBcsh_EIA_r51zVJOlZMnmzYBE0gXdyd52bcxEZexdT6fLBNQDofyvyq6iXGlBrnMH7e1cRjCoh9sTtv7RycHYuc_PCAc8SLJDAf_6XaAIa1YhEHfgC304DtApGEXMTSrgPbt5zC3uRDyDjyRNIir2sWt2Ei8bOb9hVBDhQaiupCqck.omWxhSBKV_LuDSVav_-gMghxRzlxtquBKLmWZazqIGQ&dib_tag=se&keywords=vino&qid=1758786115&sr=8-31,2025-09-25 01:42:31
Amazon,Portillo,309.0,25.75,,750 ML,tinto,,Argentina,Malbec,https://www.amazon.com.mx/Tin-Portillo-Malbec-750/dp/B07LFKZT69/ref=sr_1_32?dib=eyJ2IjoiMSJ9.tvkbUE0byYeYxazXAz9b4o9sL7VsFvkoENuKVPopr5LgA6BgHehFK6EO7HmPaeweOLGMA20Qvs0ZLnIP1ISnvnb1qKrkznKIPfp3g5bKJeK_jwpdx9Zw6OQ_GJG-pBcsh_EIA_r51zVJOlZMnmzYBE0gXdyd52bcxEZexdT6fLBNQDofyvyq6iXGlBrnMH7e1cRjCoh9sTtv7RycHYuc_PCAc8SLJDAf_6XaAIa1YhEHfgC304DtApGEXMTSrgPbt5zC3uRDyDjyRNIir2sWt2Ei8bOb9hVBDhQaiupCqck.omWxhSBKV_LuDSVav_-gMghxRzlxtquBKLmWZazqIGQ&dib_tag=se&keywords=vino&qid=1758786115&sr=8-32&ufe=app_do%3Aamzn1.fos.de93fa6a-174c-4df7-be7c-5bc8e9c5a71b,2025-09-25 01:42:34
Amazon,Riunite 8 pack wine mix 6/ 2/200ml 8/CJ,339.0,339.0,-10%,187ML,,,Emilia Romagna,,https://www.amazon.com.mx/Riunite-pack-wine-187ml-200ml/dp/B0DKPH1MPT/ref=sr_1_11?dib=eyJ2IjoiMSJ9.tvkbUE0byYeYxazXAz9b4o9sL7VsFvkoENuKVPopr5LgA6BgHehFK6EO7HmPaeweOLGMA20Qvs0ZLnIP1ISnvnb1qKrkznKIPfp3g5bKJeK_jwpdx9Zw6OQ_GJG-pBcsh_EIA_r51zVJOlZMnmzYBE0gXdyd52bcxEZexdT6fLBNQDofyvyq6iXGlBrnMH7e1cRjCoh9sTtv7RycHYuc_PCAc8SLJDAf_6XaAIa1YhEHfgC304DtApGEXMTSrgPbt5zC3uRDyDjyRNIir2sWt2Ei8bOb9hVBDhQaiupCqck.omWxhSBKV_LuDSVav_-gMghxRzlxtquBKLmWZazqIGQ&dib_tag=se&keywords=vino&qid=1758786115&sr=8-11,2025-09-25 01:42:15
Amazon,Reinares,346.0,346.0,,750 ML,tinto,,,Tempranillo,https://www.amazon.com.mx/sspa/click?ie=UTF8&spc=MTo2MzA4MDU2MDAxOTA1NTEwOjE3NTg3ODYxMTU6c3BfYXRmOjMwMDkxMTE1NTg3NDMwMjo6MDo6&url=%2FVino-Tinto-Reinares-Tempranillo-750%2Fdp%2FB09B9N1DNC%2Fref%3Dsr_1_3_sspa%3Fdib%3DeyJ2IjoiMSJ9.tvkbUE0byYeYxazXAz9b4o9sL7VsFvkoENuKVPopr5LgA6BgHehFK6EO7HmPaeweOLGMA20Qvs0ZLnIP1ISnvnb1qKrkznKIPfp3g5bKJeK_jwpdx9Zw6OQ_GJG-pBcsh_EIA_r51zVJOlZMnmzYBE0gXdyd52bcxEZexdT6fLBNQDofyvyq6iXGlBrnMH7e1cRjCoh9sTtv7RycHYuc_PCAc8SLJDAf_6XaAIa1YhEHfgC304DtApGEXMTSrgPbt5zC3uRDyDjyRNIir2sWt2Ei8bOb9hVBDhQaiupCqck.omWxhSBKV_LuDSVav_-gMghxRzlxtquBKLmWZazqIGQ%26dib_tag%3Dse%26keywords%3Dvino%26qid%3D1758786115%26sr%3D8-3-spons%26ufe%3Dapp_do%253Aamzn1.fos.de93fa6a-174c-4df7-be7c-5bc8e9c5a71b%26sp_csd%3Dd2lkZ2V0TmFtZT1zcF9hdGY%26psc%3D1,2025-09-25 01:42:04
Amazon,Bread & Butter,349.0,0.47,-8%,750ML,,,"California, EUA",Cabernet Sauvignon,https://www.amazon.com.mx/Bread-Butter-Cabernet-Sauvignon/dp/B08TX6FYYP/ref=sr_1_17?dib=eyJ2IjoiMSJ9.tvkbUE0byYeYxazXAz9b4o9sL7VsFvkoENuKVPopr5LgA6BgHehFK6EO7HmPaeweOLGMA20Qvs0ZLnIP1ISnvnb1qKrkznKIPfp3g5bKJeK_jwpdx9Zw6OQ_GJG-pBcsh_EIA_r51zVJOlZMnmzYBE0gXdyd52bcxEZexdT6fLBNQDofyvyq6iXGlBrnMH7e1cRjCoh9sTtv7RycHYuc_PCAc8SLJDAf_6XaAIa1YhEHfgC304DtApGEXMTSrgPbt5zC3uRDyDjyRNIir2sWt2Ei8bOb9hVBDhQaiupCqck.omWxhSBKV_LuDSVav_-gMghxRzlxtquBKLmWZazqIGQ&dib_tag=se&keywords=vino&qid=1758786115&sr=8-17,2025-09-25 01:42:21
Amazon,Bread & Butter,372.0,0.5,-33%,750ML,,,"California, EUA",Chardonnay,https://www.amazon.com.mx/Blanco-Bread-Butter-Chardonnay-750ml/dp/B00DW13I12/ref=sr_1_54?dib=eyJ2IjoiMSJ9.tvkbUE0byYeYxazXAz9b4o9sL7VsFvkoENuKVPopr5LgA6BgHehFK6EO7HmPaeweOLGMA20Qvs0ZLnIP1ISnvnb1qKrkznKIPfp3g5bKJeK_jwpdx9Zw6OQ_GJG-pBcsh_EIA_r51zVJOlZMnmzYBE0gXdyd52bcxEZexdT6fLBNQDofyvyq6iXGlBrnMH7e1cRjCoh9sTtv7RycHYuc_PCAc8SLJDAf_6XaAIa1YhEHfgC304DtApGEXMTSrgPbt5zC3uRDyDjyRNIir2sWt2Ei8bOb9hVBDhQaiupCqck.omWxhSBKV_LuDSVav_-gMghxRzlxtquBKLmWZazqIGQ&dib_tag=se&keywords=vino&qid=1758786115&sr=8-54,2025-09-25 01:42:52
Amazon,Casa Madero,375.0,0.5,-9%,750 ML,blanco,,,Chardonnay,https://www.amazon.com.mx/Vino-Blanco-Casa-Madero-Chardonnay/dp/B07G5SW2TZ/ref=sr_1_28?dib=eyJ2IjoiMSJ9.tvkbUE0byYeYxazXAz9b4o9sL7VsFvkoENuKVPopr5LgA6BgHehFK6EO7HmPaeweOLGMA20Qvs0ZLnIP1ISnvnb1qKrkznKIPfp3g5bKJeK_jwpdx9Zw6OQ_GJG-pBcsh_EIA_r51zVJOlZMnmzYBE0gXdyd52bcxEZexdT6fLBNQDofyvyq6iXGlBrnMH7e1cRjCoh9sTtv7RycHYuc_PCAc8SLJDAf_6XaAIa1YhEHfgC304DtApGEXMTSrgPbt5zC3uRDyDjyRNIir2sWt2Ei8bOb9hVBDhQaiupCqck.omWxhSBKV_LuDSVav_-gMghxRzlxtquBKLmWZazqIGQ&dib_tag=se&keywords=vino&qid=1758786115&sr=8-28&ufe=app_do%3Aamzn1.fos.de93fa6a-174c-4df7-be7c-5bc8e9c5a71b,2025-09-25 01:42:30
Amazon,MARTINI Espumoso Asti de Frescura y Calidad Producto de la familia Bacardí,377.3,0.5,-27%,750 ML,,,,,https://www.amazon.com.mx/Vino-Espumoso-Martini-Asti-750/dp/B017HJBZ3W/ref=sr_1_25?dib=eyJ2IjoiMSJ9.tvkbUE0byYeYxazXAz9b4o9sL7VsFvkoENuKVPopr5LgA6BgHehFK6EO7HmPaeweOLGMA20Qvs0ZLnIP1ISnvnb1qKrkznKIPfp3g5bKJeK_jwpdx9Zw6OQ_GJG-pBcsh_EIA_r51zVJOlZMnmzYBE0gXdyd52bcxEZexdT6fLBNQDofyvyq6iXGlBrnMH7e1cRjCoh9sTtv7RycHYuc_PCAc8SLJDAf_6XaAIa1YhEHfgC304DtApGEXMTSrgPbt5zC3uRDyDjyRNIir2sWt2Ei8bOb9hVBDhQaiupCqck.omWxhSBKV_LuDSVav_-gMghxRzlxtquBKLmWZazqIGQ&dib_tag=se&keywords=vino&qid=1758786115&sr=8-25&ufe=app_do%3Aamzn1.fos.de93fa6a-174c-4df7-be7c-5bc8e9c5a71b,2025-09-25 01:42:26
Amazon,Bread & Butter,379.0,0.51,-10%,750ML,,,América,Pinot Noir,https://www.amazon.com.mx/Bread-Butter-Pinot-Noir-750ml/dp/B01KW71FJA/ref=sr_1_41?dib=eyJ2IjoiMSJ9.tvkbUE0byYeYxazXAz9b4o9sL7VsFvkoENuKVPopr5LgA6BgHehFK6EO7HmPaeweOLGMA20Qvs0ZLnIP1ISnvnb1qKrkznKIPfp3g5bKJeK_jwpdx9Zw6OQ_GJG-pBcsh_EIA_r51zVJOlZMnmzYBE0gXdyd52bcxEZexdT6fLBNQDofyvyq6iXGlBrnMH7e1cRjCoh9sTtv7RycHYuc_PCAc8SLJDAf_6XaAIa1YhEHfgC304DtApGEXMTSrgPbt5zC3uRDyDjyRNIir2sWt2Ei8bOb9hVBDhQaiupCqck.omWxhSBKV_LuDSVav_-gMghxRzlxtquBKLmWZazqIGQ&dib_tag=se&keywords=vino&qid=1758786115&sr=8-41,2025-09-25 01:42:39
Amazon,California garrafa,399.0,0.1,-9%,4L,tinto,,,,https://www.amazon.com.mx/California-Vino-Tinto-Garrafa/dp/B07G75QMG8/ref=sr_1_53?dib=eyJ2IjoiMSJ9.tvkbUE0byYeYxazXAz9b4o9sL7VsFvkoENuKVPopr5LgA6BgHehFK6EO7HmPaeweOLGMA20Qvs0ZLnIP1ISnvnb1qKrkznKIPfp3g5bKJeK_jwpdx9Zw6OQ_GJG-pBcsh_EIA_r51zVJOlZMnmzYBE0gXdyd52bcxEZexdT6fLBNQDofyvyq6iXGlBrnMH7e1cRjCoh9sTtv7RycHYuc_PCAc8SLJDAf_6XaAIa1YhEHfgC304DtApGEXMTSrgPbt5zC3uRDyDjyRNIir2sWt2Ei8bOb9hVBDhQaiupCqck.omWxhSBKV_LuDSVav_-gMghxRzlxtquBKLmWZazqIGQ&dib_tag=se&keywords=vino&qid=1758786115&sr=8-53&ufe=app_do%3Aamzn1.fos.de93fa6a-174c-4df7-be7c-5bc8e9c5a71b,2025-09-25 01:42:50
Amazon,Casa Madero V Rosado,405.0,0.54,,750 ML,rosado,,,,https://www.amazon.com.mx/Casa-Madero-Vino-Rosado-750/dp/B087765RJP/ref=sr_1_33?dib=eyJ2IjoiMSJ9.tvkbUE0byYeYxazXAz9b4o9sL7VsFvkoENuKVPopr5LgA6BgHehFK6EO7HmPaeweOLGMA20Qvs0ZLnIP1ISnvnb1qKrkznKIPfp3g5bKJeK_jwpdx9Zw6OQ_GJG-pBcsh_EIA_r51zVJOlZMnmzYBE0gXdyd52bcxEZexdT6fLBNQDofyvyq6iXGlBrnMH7e1cRjCoh9sTtv7RycHYuc_PCAc8SLJDAf_6XaAIa1YhEHfgC304DtApGEXMTSrgPbt5zC3uRDyDjyRNIir2sWt2Ei8bOb9hVBDhQaiupCqck.omWxhSBKV_LuDSVav_-gMghxRzlxtquBKLmWZazqIGQ&dib_tag=se&keywords=vino&qid=1758786115&sr=8-33,2025-09-25 01:42:33
Amazon,Vinos El Cielo | Eclipse 2021 | Ensamble de Uvas Tintas | Valle de Guadalupe |,407.15,0.54,-15%,750 ML,tinto,,,,https://www.amazon.com.mx/sspa/click?ie=UTF8&spc=MTo2MzA4MDU2MDAxOTA1NTEwOjE3NTg3ODYxMTU6c3BfYnRmOjMwMDcxNTY3NzA2MTAwMjo6MDo6&url=%2FVinos-El-Cielo-Tinto-Eclipse%2Fdp%2FB084NV4L85%2Fref%3Dsr_1_59_sspa%3Fdib%3DeyJ2IjoiMSJ9.tvkbUE0byYeYxazXAz9b4o9sL7VsFvkoENuKVPopr5LgA6BgHehFK6EO7HmPaeweOLGMA20Qvs0ZLnIP1ISnvnb1qKrkznKIPfp3g5bKJeK_jwpdx9Zw6OQ_GJG-pBcsh_EIA_r51zVJOlZMnmzYBE0gXdyd52bcxEZexdT6fLBNQDofyvyq6iXGlBrnMH7e1cRjCoh9sTtv7RycHYuc_PCAc8SLJDAf_6XaAIa1YhEHfgC304DtApGEXMTSrgPbt5zC3uRDyDjyRNIir2sWt2Ei8bOb9hVBDhQaiupCqck.omWxhSBKV_LuDSVav_-gMghxRzlxtquBKLmWZazqIGQ%26dib_tag%3Dse%26keywords%3Dvino%26qid%3D1758786115%26sr%3D8-59-spons%26sp_csd%3Dd2lkZ2V0TmFtZT1zcF9idGY%26psc%3D1,2025-09-25 01:42:55
Amazon,Cerveza Clara Corona Light tipo Pilsener 12 latones de disfruta su auténtico sabor ligeramente amargo y Fresco disfrútala fría,417.7,0.05,,710 ML,,,Mexico,,https://www.amazon.com.mx/sspa/click?ie=UTF8&spc=MTo2MzA4MDU2MDAxOTA1NTEwOjE3NTg3ODYxMTU6c3BfYnRmOjMwMDcyNDE5MjU5OTUwMjo6MDo6&url=%2FCorona-Pilsener-aut%25C3%25A9ntico-ligeramente-disfr%25C3%25BAtala%2Fdp%2FB0BKLQB4XS%2Fref%3Dsr_1_57_sspa%3Fdib%3DeyJ2IjoiMSJ9.tvkbUE0byYeYxazXAz9b4o9sL7VsFvkoENuKVPopr5LgA6BgHehFK6EO7HmPaeweOLGMA20Qvs0ZLnIP1ISnvnb1qKrkznKIPfp3g5bKJeK_jwpdx9Zw6OQ_GJG-pBcsh_EIA_r51zVJOlZMnmzYBE0gXdyd52bcxEZexdT6fLBNQDofyvyq6iXGlBrnMH7e1cRjCoh9sTtv7RycHYuc_PCAc8SLJDAf_6XaAIa1YhEHfgC304DtApGEXMTSrgPbt5zC3uRDyDjyRNIir2sWt2Ei8bOb9hVBDhQaiupCqck.omWxhSBKV_LuDSVav_-gMghxRzlxtquBKLmWZazqIGQ%26dib_tag%3Dse%26keywords%3Dvino%26qid%3D1758786115%26sr%3D8-57-spons%26ufe%3Dapp_do%253Aamzn1.fos.de93fa6a-174c-4df7-be7c-5bc8e9c5a71b%26sp_csd%3Dd2lkZ2V0TmFtZT1zcF9idGY%26psc%3D1,2025-09-25 01:42:52
Amazon,Casa Madero 2V Chenin Blanc -,420.0,0.56,,750 ML,blanco,,,Chardonnay,https://www.amazon.com.mx/Blanco-Casa-Madero-Chardonnay-Chenin/dp/B07G7XCJS2/ref=sr_1_35?dib=eyJ2IjoiMSJ9.tvkbUE0byYeYxazXAz9b4o9sL7VsFvkoENuKVPopr5LgA6BgHehFK6EO7HmPaeweOLGMA20Qvs0ZLnIP1ISnvnb1qKrkznKIPfp3g5bKJeK_jwpdx9Zw6OQ_GJG-pBcsh_EIA_r51zVJOlZMnmzYBE0gXdyd52bcxEZexdT6fLBNQDofyvyq6iXGlBrnMH7e1cRjCoh9sTtv7RycHYuc_PCAc8SLJDAf_6XaAIa1YhEHfgC304DtApGEXMTSrgPbt5zC3uRDyDjyRNIir2sWt2Ei8bOb9hVBDhQaiupCqck.omWxhSBKV_LuDSVav_-gMghxRzlxtquBKLmWZazqIGQ&dib_tag=se&keywords=vino&qid=1758786115&sr=8-35&ufe=app_do%3Aamzn1.fos.de93fa6a-174c-4df7-be7c-5bc8e9c5a71b,2025-09-25 01:42:34
Amazon,PACK 3 BOTELLAS CUATRO SOLES (CABERNET ZINFANDEL),449.0,0.2,-10%,2250 Mililitros,,,,Merlot,https://www.amazon.com.mx/BOTELLAS-CUATRO-SOLES-CABERNET-ZINFANDEL/dp/B08T5VN86Z/ref=sr_1_12?dib=eyJ2IjoiMSJ9.tvkbUE0byYeYxazXAz9b4o9sL7VsFvkoENuKVPopr5LgA6BgHehFK6EO7HmPaeweOLGMA20Qvs0ZLnIP1ISnvnb1qKrkznKIPfp3g5bKJeK_jwpdx9Zw6OQ_GJG-pBcsh_EIA_r51zVJOlZMnmzYBE0gXdyd52bcxEZexdT6fLBNQDofyvyq6iXGlBrnMH7e1cRjCoh9sTtv7RycHYuc_PCAc8SLJDAf_6XaAIa1YhEHfgC304DtApGEXMTSrgPbt5zC3uRDyDjyRNIir2sWt2Ei8bOb9hVBDhQaiupCqck.omWxhSBKV_LuDSVav_-gMghxRzlxtquBKLmWZazqIGQ&dib_tag=se&keywords=vino&qid=1758786115&sr=8-12,2025-09-25 01:42:16
Amazon,- Ensamble Arenal,475.0,0.63,,750 ML,tinto,,,,https://www.amazon.com.mx/Vino-tinto-Ensamble-Arenal-750/dp/B088GM2ZVM/ref=sr_1_55?dib=eyJ2IjoiMSJ9.tvkbUE0byYeYxazXAz9b4o9sL7VsFvkoENuKVPopr5LgA6BgHehFK6EO7HmPaeweOLGMA20Qvs0ZLnIP1ISnvnb1qKrkznKIPfp3g5bKJeK_jwpdx9Zw6OQ_GJG-pBcsh_EIA_r51zVJOlZMnmzYBE0gXdyd52bcxEZexdT6fLBNQDofyvyq6iXGlBrnMH7e1cRjCoh9sTtv7RycHYuc_PCAc8SLJDAf_6XaAIa1YhEHfgC304DtApGEXMTSrgPbt5zC3uRDyDjyRNIir2sWt2Ei8bOb9hVBDhQaiupCqck.omWxhSBKV_LuDSVav_-gMghxRzlxtquBKLmWZazqIGQ&dib_tag=se&keywords=vino&qid=1758786115&sr=8-55&ufe=app_do%3Aamzn1.fos.de93fa6a-174c-4df7-be7c-5bc8e9c5a71b,2025-09-25 01:42:51
Amazon,El Avion De Juguette,485.0,0.65,,750 ML,tinto,,,,https://www.amazon.com.mx/Vino-Tinto-Avion-Juguette-750/dp/B09N9SMS7R/ref=sr_1_48?dib=eyJ2IjoiMSJ9.tvkbUE0byYeYxazXAz9b4o9sL7VsFvkoENuKVPopr5LgA6BgHehFK6EO7HmPaeweOLGMA20Qvs0ZLnIP1ISnvnb1qKrkznKIPfp3g5bKJeK_jwpdx9Zw6OQ_GJG-pBcsh_EIA_r51zVJOlZMnmzYBE0gXdyd52bcxEZexdT6fLBNQDofyvyq6iXGlBrnMH7e1cRjCoh9sTtv7RycHYuc_PCAc8SLJDAf_6XaAIa1YhEHfgC304DtApGEXMTSrgPbt5zC3uRDyDjyRNIir2sWt2Ei8bOb9hVBDhQaiupCqck.omWxhSBKV_LuDSVav_-gMghxRzlxtquBKLmWZazqIGQ&dib_tag=se&keywords=vino&qid=1758786115&sr=8-48&ufe=app_do%3Aamzn1.fos.de93fa6a-174c-4df7-be7c-5bc8e9c5a71b,2025-09-25 01:42:46
Amazon,Cautivo Rondo del Valle - Uvas y Merlot Premium del Valle de Guadalupe - Notas de Fruta Roja y Especias,490.0,0.65,,750 Mililitros,tinto,México,,Cabernet Sauvignon,https://www.amazon.com.mx/sspa/click?ie=UTF8&spc=MTo2MzA4MDU2MDAxOTA1NTEwOjE3NTg3ODYxMTU6c3BfYXRmOjMwMDY0NTM2MjE0MjcwMjo6MDo6&url=%2FVino-Tinto-Rondo-Valle-Cautivo%2Fdp%2FB0CGH5Y3WY%2Fref%3Dsr_1_2_sspa%3Fdib%3DeyJ2IjoiMSJ9.tvkbUE0byYeYxazXAz9b4o9sL7VsFvkoENuKVPopr5LgA6BgHehFK6EO7HmPaeweOLGMA20Qvs0ZLnIP1ISnvnb1qKrkznKIPfp3g5bKJeK_jwpdx9Zw6OQ_GJG-pBcsh_EIA_r51zVJOlZMnmzYBE0gXdyd52bcxEZexdT6fLBNQDofyvyq6iXGlBrnMH7e1cRjCoh9sTtv7RycHYuc_PCAc8SLJDAf_6XaAIa1YhEHfgC304DtApGEXMTSrgPbt5zC3uRDyDjyRNIir2sWt2Ei8bOb9hVBDhQaiupCqck.omWxhSBKV_LuDSVav_-gMghxRzlxtquBKLmWZazqIGQ%26dib_tag%3Dse%26keywords%3Dvino%26qid%3D1758786115%26sr%3D8-2-spons%26ufe%3Dapp_do%253Aamzn1.fos.db4f1a57-87f1-43c5-9a39-0cdca6036b57%26sp_csd%3Dd2lkZ2V0TmFtZT1zcF9hdGY%26psc%3D1%26smid%3DA259II5SHEY2AK,2025-09-25 01:42:05
Amazon,Cerveza Clara Corona Extra Lager paquete de 24 latones de disfruta su auténtico sabor ligeramente amargo y fresco con un aroma a cereal y frutas,493.49,684.99,-28%,473ML,,,Mexico,,https://www.amazon.com.mx/sspa/click?ie=UTF8&spc=MTo2MzA4MDU2MDAxOTA1NTEwOjE3NTg3ODYxMTU6c3BfbXRmOjMwMDcyNDI4NjI3NDQwMjo6MDo6&url=%2FCerveza-Corona-latones-ligeramente-amargo%2Fdp%2FB0BCL1CCG1%2Fref%3Dsr_1_24_sspa%3Fdib%3DeyJ2IjoiMSJ9.tvkbUE0byYeYxazXAz9b4o9sL7VsFvkoENuKVPopr5LgA6BgHehFK6EO7HmPaeweOLGMA20Qvs0ZLnIP1ISnvnb1qKrkznKIPfp3g5bKJeK_jwpdx9Zw6OQ_GJG-pBcsh_EIA_r51zVJOlZMnmzYBE0gXdyd52bcxEZexdT6fLBNQDofyvyq6iXGlBrnMH7e1cRjCoh9sTtv7RycHYuc_PCAc8SLJDAf_6XaAIa1YhEHfgC304DtApGEXMTSrgPbt5zC3uRDyDjyRNIir2sWt2Ei8bOb9hVBDhQaiupCqck.omWxhSBKV_LuDSVav_-gMghxRzlxtquBKLmWZazqIGQ%26dib_tag%3Dse%26keywords%3Dvino%26qid%3D1758786115%26sr%3D8-24-spons%26ufe%3Dapp_do%253Aamzn1.fos.de93fa6a-174c-4df7-be7c-5bc8e9c5a71b%26sp_csd%3Dd2lkZ2V0TmFtZT1zcF9tdGY%26psc%3D1,2025-09-25 01:42:25
Amazon,Mariatinto - Línea Sang Bleu Francia 2022 - Elaborado con Uvas y Cinsault - Contenido: 1 botella de 750 mililitros,496.0,0.66,,750 Mililitros,tinto,,,Syrah,https://www.amazon.com.mx/Mariatinto-Elaborado-Grenache-Contenido-mililitros/dp/B0CLHCDZV8/ref=sr_1_43?dib=eyJ2IjoiMSJ9.tvkbUE0byYeYxazXAz9b4o9sL7VsFvkoENuKVPopr5LgA6BgHehFK6EO7HmPaeweOLGMA20Qvs0ZLnIP1ISnvnb1qKrkznKIPfp3g5bKJeK_jwpdx9Zw6OQ_GJG-pBcsh_EIA_r51zVJOlZMnmzYBE0gXdyd52bcxEZexdT6fLBNQDofyvyq6iXGlBrnMH7e1cRjCoh9sTtv7RycHYuc_PCAc8SLJDAf_6XaAIa1YhEHfgC304DtApGEXMTSrgPbt5zC3uRDyDjyRNIir2sWt2Ei8bOb9hVBDhQaiupCqck.omWxhSBKV_LuDSVav_-gMghxRzlxtquBKLmWZazqIGQ&dib_tag=se&keywords=vino&qid=1758786115&sr=8-43&ufe=app_do%3Aamzn1.fos.db4f1a57-87f1-43c5-9a39-0cdca6036b57,2025-09-25 01:42:44
Amazon,Mariatinto - Línea Sang Bleu Francia 2022 - Elaborado con Uvas y Cinsault - Contenido: 1 botella de 750 mililitros,496.0,0.66,,750 Mililitros,tinto,,,Syrah,https://www.amazon.com.mx/sspa/click?ie=UTF8&spc=MTo2MzA4MDU2MDAxOTA1NTEwOjE3NTg3ODYxMTU6c3BfYnRmOjMwMDE2MDY0NjYzNzAwMjo6MDo6&url=%2FMariatinto-Elaborado-Grenache-Contenido-mililitros%2Fdp%2FB0CLHCDZV8%2Fref%3Dsr_1_60_sspa%3Fdib%3DeyJ2IjoiMSJ9.tvkbUE0byYeYxazXAz9b4o9sL7VsFvkoENuKVPopr5LgA6BgHehFK6EO7HmPaeweOLGMA20Qvs0ZLnIP1ISnvnb1qKrkznKIPfp3g5bKJeK_jwpdx9Zw6OQ_GJG-pBcsh_EIA_r51zVJOlZMnmzYBE0gXdyd52bcxEZexdT6fLBNQDofyvyq6iXGlBrnMH7e1cRjCoh9sTtv7RycHYuc_PCAc8SLJDAf_6XaAIa1YhEHfgC304DtApGEXMTSrgPbt5zC3uRDyDjyRNIir2sWt2Ei8bOb9hVBDhQaiupCqck.omWxhSBKV_LuDSVav_-gMghxRzlxtquBKLmWZazqIGQ%26dib_tag%3Dse%26keywords%3Dvino%26qid%3D1758786115%26sr%3D8-60-spons%26ufe%3Dapp_do%253Aamzn1.fos.db4f1a57-87f1-43c5-9a39-0cdca6036b57%26sp_csd%3Dd2lkZ2V0TmFtZT1zcF9idGY%26psc%3D1,2025-09-25 01:42:56
Amazon,Crema De Licor Strega 1 pz,507.0,0.72,,700 ML,,,,,https://www.amazon.com.mx/sspa/click?ie=UTF8&spc=MTo2MzA4MDU2MDAxOTA1NTEwOjE3NTg3ODYxMTU6c3BfbXRmOjMwMDc1MDk3MDcwNTEwMjo6MDo6&url=%2FGen%25C3%25A9rico-Crema-Licor-Strega-700%2Fdp%2FB0DQQNRY1C%2Fref%3Dsr_1_22_sspa%3Fdib%3DeyJ2IjoiMSJ9.tvkbUE0byYeYxazXAz9b4o9sL7VsFvkoENuKVPopr5LgA6BgHehFK6EO7HmPaeweOLGMA20Qvs0ZLnIP1ISnvnb1qKrkznKIPfp3g5bKJeK_jwpdx9Zw6OQ_GJG-pBcsh_EIA_r51zVJOlZMnmzYBE0gXdyd52bcxEZexdT6fLBNQDofyvyq6iXGlBrnMH7e1cRjCoh9sTtv7RycHYuc_PCAc8SLJDAf_6XaAIa1YhEHfgC304DtApGEXMTSrgPbt5zC3uRDyDjyRNIir2sWt2Ei8bOb9hVBDhQaiupCqck.omWxhSBKV_LuDSVav_-gMghxRzlxtquBKLmWZazqIGQ%26dib_tag%3Dse%26keywords%3Dvino%26qid%3D1758786115%26sr%3D8-22-spons%26ufe%3Dapp_do%253Aamzn1.fos.de93fa6a-174c-4df7-be7c-5bc8e9c5a71b%26sp_csd%3Dd2lkZ2V0TmFtZT1zcF9tdGY%26psc%3D1,2025-09-25 01:42:26
Amazon,Licor Strega Amareto De 1 pz,507.0,0.72,,700ML,,,,,https://www.amazon.com.mx/sspa/click?ie=UTF8&spc=MTo2MzA4MDU2MDAxOTA1NTEwOjE3NTg3ODYxMTU6c3BfbXRmOjMwMDc1MDk3MDcwNTAwMjo6MDo6&url=%2FGen%25C3%25A9rico-Licor-Strega-Amareto-700ml%2Fdp%2FB0DQQCBRNW%2Fref%3Dsr_1_23_sspa%3Fdib%3DeyJ2IjoiMSJ9.tvkbUE0byYeYxazXAz9b4o9sL7VsFvkoENuKVPopr5LgA6BgHehFK6EO7HmPaeweOLGMA20Qvs0ZLnIP1ISnvnb1qKrkznKIPfp3g5bKJeK_jwpdx9Zw6OQ_GJG-pBcsh_EIA_r51zVJOlZMnmzYBE0gXdyd52bcxEZexdT6fLBNQDofyvyq6iXGlBrnMH7e1cRjCoh9sTtv7RycHYuc_PCAc8SLJDAf_6XaAIa1YhEHfgC304DtApGEXMTSrgPbt5zC3uRDyDjyRNIir2sWt2Ei8bOb9hVBDhQaiupCqck.omWxhSBKV_LuDSVav_-gMghxRzlxtquBKLmWZazqIGQ%26dib_tag%3Dse%26keywords%3Dvino%26qid%3D1758786115%26sr%3D8-23-spons%26ufe%3Dapp_do%253Aamzn1.fos.de93fa6a-174c-4df7-be7c-5bc8e9c5a71b%26sp_csd%3Dd2lkZ2V0TmFtZT1zcF9tdGY%26psc%3D1,2025-09-25 01:42:26
Amazon,Casa Madero 3V Elaborado con Uvas Merlot y Tempranillo Contenido: 1 Botella de 750 Mililitros,515.0,0.69,,"1,39 Kilogramos",tinto,México,,Cabernet Sauvignon,https://www.amazon.com.mx/Madero-Cabernet-Sauvignon-Merlot-Tempranillo/dp/B07H64GTCH/ref=sr_1_8?dib=eyJ2IjoiMSJ9.tvkbUE0byYeYxazXAz9b4o9sL7VsFvkoENuKVPopr5LgA6BgHehFK6EO7HmPaeweOLGMA20Qvs0ZLnIP1ISnvnb1qKrkznKIPfp3g5bKJeK_jwpdx9Zw6OQ_GJG-pBcsh_EIA_r51zVJOlZMnmzYBE0gXdyd52bcxEZexdT6fLBNQDofyvyq6iXGlBrnMH7e1cRjCoh9sTtv7RycHYuc_PCAc8SLJDAf_6XaAIa1YhEHfgC304DtApGEXMTSrgPbt5zC3uRDyDjyRNIir2sWt2Ei8bOb9hVBDhQaiupCqck.omWxhSBKV_LuDSVav_-gMghxRzlxtquBKLmWZazqIGQ&dib_tag=se&keywords=vino&qid=1758786115&sr=8-8&ufe=app_do%3Aamzn1.fos.de93fa6a-174c-4df7-be7c-5bc8e9c5a71b,2025-09-25 01:42:10
Amazon,Casa Madero Shiraz,515.0,0.69,,750 ML,tinto,,,,https://www.amazon.com.mx/Vino-Tinto-Casa-Madero-Shiraz/dp/B07G3GM288/ref=sr_1_34?dib=eyJ2IjoiMSJ9.tvkbUE0byYeYxazXAz9b4o9sL7VsFvkoENuKVPopr5LgA6BgHehFK6EO7HmPaeweOLGMA20Qvs0ZLnIP1ISnvnb1qKrkznKIPfp3g5bKJeK_jwpdx9Zw6OQ_GJG-pBcsh_EIA_r51zVJOlZMnmzYBE0gXdyd52bcxEZexdT6fLBNQDofyvyq6iXGlBrnMH7e1cRjCoh9sTtv7RycHYuc_PCAc8SLJDAf_6XaAIa1YhEHfgC304DtApGEXMTSrgPbt5zC3uRDyDjyRNIir2sWt2Ei8bOb9hVBDhQaiupCqck.omWxhSBKV_LuDSVav_-gMghxRzlxtquBKLmWZazqIGQ&dib_tag=se&keywords=vino&qid=1758786115&sr=8-34&ufe=app_do%3Aamzn1.fos.de93fa6a-174c-4df7-be7c-5bc8e9c5a71b,2025-09-25 01:42:34
Amazon,Casa Madero,515.0,0.69,,750 ML,tinto,,,Cabernet Sauvignon,https://www.amazon.com.mx/Vino-Tinto-Madero-Cabernet-Sauvignon/dp/B07G5V58HL/ref=sr_1_39?dib=eyJ2IjoiMSJ9.tvkbUE0byYeYxazXAz9b4o9sL7VsFvkoENuKVPopr5LgA6BgHehFK6EO7HmPaeweOLGMA20Qvs0ZLnIP1ISnvnb1qKrkznKIPfp3g5bKJeK_jwpdx9Zw6OQ_GJG-pBcsh_EIA_r51zVJOlZMnmzYBE0gXdyd52bcxEZexdT6fLBNQDofyvyq6iXGlBrnMH7e1cRjCoh9sTtv7RycHYuc_PCAc8SLJDAf_6XaAIa1YhEHfgC304DtApGEXMTSrgPbt5zC3uRDyDjyRNIir2sWt2Ei8bOb9hVBDhQaiupCqck.omWxhSBKV_LuDSVav_-gMghxRzlxtquBKLmWZazqIGQ&dib_tag=se&keywords=vino&qid=1758786115&sr=8-39&ufe=app_do%3Aamzn1.fos.de93fa6a-174c-4df7-be7c-5bc8e9c5a71b,2025-09-25 01:42:38
Amazon,Celeste Crianza Torres,639.0,127.8,,750 ML,tinto,,Ribera del Duero,,https://www.amazon.com.mx/Vino-Tinto-Celeste-Crianza-Torres/dp/B07CMLNGNT/ref=sr_1_30?dib=eyJ2IjoiMSJ9.tvkbUE0byYeYxazXAz9b4o9sL7VsFvkoENuKVPopr5LgA6BgHehFK6EO7HmPaeweOLGMA20Qvs0ZLnIP1ISnvnb1qKrkznKIPfp3g5bKJeK_jwpdx9Zw6OQ_GJG-pBcsh_EIA_r51zVJOlZMnmzYBE0gXdyd52bcxEZexdT6fLBNQDofyvyq6iXGlBrnMH7e1cRjCoh9sTtv7RycHYuc_PCAc8SLJDAf_6XaAIa1YhEHfgC304DtApGEXMTSrgPbt5zC3uRDyDjyRNIir2sWt2Ei8bOb9hVBDhQaiupCqck.omWxhSBKV_LuDSVav_-gMghxRzlxtquBKLmWZazqIGQ&dib_tag=se&keywords=vino&qid=1758786115&sr=8-30&ufe=app_do%3Aamzn1.fos.de93fa6a-174c-4df7-be7c-5bc8e9c5a71b,2025-09-25 01:42:30
Amazon,Mariatinto - Línea Mariatinto Valle de Guadalupe México - Elaborado con Uvas tempranillo syrah Cabernet Franc Nebbiolo y Malbec Contenido: 1 botella de,737.0,0.98,-16%,750 ML,tinto,,,Merlot,https://www.amazon.com.mx/Vino-Tinto-Mariatinto-750-ml/dp/B07FL4FLYS/ref=sr_1_37?dib=eyJ2IjoiMSJ9.tvkbUE0byYeYxazXAz9b4o9sL7VsFvkoENuKVPopr5LgA6BgHehFK6EO7HmPaeweOLGMA20Qvs0ZLnIP1ISnvnb1qKrkznKIPfp3g5bKJeK_jwpdx9Zw6OQ_GJG-pBcsh_EIA_r51zVJOlZMnmzYBE0gXdyd52bcxEZexdT6fLBNQDofyvyq6iXGlBrnMH7e1cRjCoh9sTtv7RycHYuc_PCAc8SLJDAf_6XaAIa1YhEHfgC304DtApGEXMTSrgPbt5zC3uRDyDjyRNIir2sWt2Ei8bOb9hVBDhQaiupCqck.omWxhSBKV_LuDSVav_-gMghxRzlxtquBKLmWZazqIGQ&dib_tag=se&keywords=vino&qid=1758786115&sr=8-37&ufe=app_do%3Aamzn1.fos.de93fa6a-174c-4df7-be7c-5bc8e9c5a71b,2025-09-25 01:42:39
Amazon,Pack 2 Botellas Tablas Tempranillo Grenache Petit,919.0,1.23,,750 ML,tinto,México,,Syrah,https://www.amazon.com.mx/Botellas-Mexicano-Tablas-Tempranillo-Grenache/dp/B0C8ZQ87DH/ref=sr_1_56?dib=eyJ2IjoiMSJ9.tvkbUE0byYeYxazXAz9b4o9sL7VsFvkoENuKVPopr5LgA6BgHehFK6EO7HmPaeweOLGMA20Qvs0ZLnIP1ISnvnb1qKrkznKIPfp3g5bKJeK_jwpdx9Zw6OQ_GJG-pBcsh_EIA_r51zVJOlZMnmzYBE0gXdyd52bcxEZexdT6fLBNQDofyvyq6iXGlBrnMH7e1cRjCoh9sTtv7RycHYuc_PCAc8SLJDAf_6XaAIa1YhEHfgC304DtApGEXMTSrgPbt5zC3uRDyDjyRNIir2sWt2Ei8bOb9hVBDhQaiupCqck.omWxhSBKV_LuDSVav_-gMghxRzlxtquBKLmWZazqIGQ&dib_tag=se&keywords=vino&qid=1758786115&sr=8-56&ufe=app_do%3Aamzn1.fos.de93fa6a-174c-4df7-be7c-5bc8e9c5a71b,2025-09-25 01:42:51
Amazon,Vinos El Cielo | Perseus 2018 | Nebbiolo Sangiovese | Valle de Guadalupe |,1019.15,1.36,-15%,750 ML,tinto,,,,https://www.amazon.com.mx/Vinos-El-Cielo-Tinto-Perseus/dp/B084T7DS91/ref=sr_1_47?dib=eyJ2IjoiMSJ9.tvkbUE0byYeYxazXAz9b4o9sL7VsFvkoENuKVPopr5LgA6BgHehFK6EO7HmPaeweOLGMA20Qvs0ZLnIP1ISnvnb1qKrkznKIPfp3g5bKJeK_jwpdx9Zw6OQ_GJG-pBcsh_EIA_r51zVJOlZMnmzYBE0gXdyd52bcxEZexdT6fLBNQDofyvyq6iXGlBrnMH7e1cRjCoh9sTtv7RycHYuc_PCAc8SLJDAf_6XaAIa1YhEHfgC304DtApGEXMTSrgPbt5zC3uRDyDjyRNIir2sWt2Ei8bOb9hVBDhQaiupCqck.omWxhSBKV_LuDSVav_-gMghxRzlxtquBKLmWZazqIGQ&dib_tag=se&keywords=vino&qid=1758786115&sr=8-47,2025-09-25 01:42:45
Amazon,Vinos El Cielo | Perseus 2018 | Nebbiolo Sangiovese | Valle de Guadalupe |,1019.15,1.36,-15%,750 ML,tinto,,,,https://www.amazon.com.mx/sspa/click?ie=UTF8&spc=MTo2MzA4MDU2MDAxOTA1NTEwOjE3NTg3ODYxMTU6c3BfYnRmOjMwMDcxNTY3NzA2MTgwMjo6MDo6&url=%2FVinos-El-Cielo-Tinto-Perseus%2Fdp%2FB084T7DS91%2Fref%3Dsr_1_58_sspa%3Fdib%3DeyJ2IjoiMSJ9.tvkbUE0byYeYxazXAz9b4o9sL7VsFvkoENuKVPopr5LgA6BgHehFK6EO7HmPaeweOLGMA20Qvs0ZLnIP1ISnvnb1qKrkznKIPfp3g5bKJeK_jwpdx9Zw6OQ_GJG-pBcsh_EIA_r51zVJOlZMnmzYBE0gXdyd52bcxEZexdT6fLBNQDofyvyq6iXGlBrnMH7e1cRjCoh9sTtv7RycHYuc_PCAc8SLJDAf_6XaAIa1YhEHfgC304DtApGEXMTSrgPbt5zC3uRDyDjyRNIir2sWt2Ei8bOb9hVBDhQaiupCqck.omWxhSBKV_LuDSVav_-gMghxRzlxtquBKLmWZazqIGQ%26dib_tag%3Dse%26keywords%3Dvino%26qid%3D1758786115%26sr%3D8-58-spons%26sp_csd%3Dd2lkZ2V0TmFtZT1zcF9idGY%26psc%3D1,2025-09-25 01:42:53
Amazon,Matarromera Crianza,1022.99,1.36,-25%,750 ML,tinto,,Ribera del Duero,,https://www.amazon.com.mx/Vino-Tinto-Matarromera-Crianza-750/dp/B07G75NJJ1/ref=sr_1_27?dib=eyJ2IjoiMSJ9.tvkbUE0byYeYxazXAz9b4o9sL7VsFvkoENuKVPopr5LgA6BgHehFK6EO7HmPaeweOLGMA20Qvs0ZLnIP1ISnvnb1qKrkznKIPfp3g5bKJeK_jwpdx9Zw6OQ_GJG-pBcsh_EIA_r51zVJOlZMnmzYBE0gXdyd52bcxEZexdT6fLBNQDofyvyq6iXGlBrnMH7e1cRjCoh9sTtv7RycHYuc_PCAc8SLJDAf_6XaAIa1YhEHfgC304DtApGEXMTSrgPbt5zC3uRDyDjyRNIir2sWt2Ei8bOb9hVBDhQaiupCqck.omWxhSBKV_LuDSVav_-gMghxRzlxtquBKLmWZazqIGQ&dib_tag=se&keywords=vino&qid=1758786115&sr=8-27&ufe=app_do%3Aamzn1.fos.de93fa6a-174c-4df7-be7c-5bc8e9c5a71b,2025-09-25 01:42:30
Amazon,Johnnie Walker Black Label + Vaso Edición Limitada,1179.0,0.43,,750 ML,,,,,https://www.amazon.com.mx/sspa/click?ie=UTF8&spc=MTo2MzA4MDU2MDAxOTA1NTEwOjE3NTg3ODYxMTU6c3BfYXRmOjMwMDkyMjYwNDA5NjUwMjo6MDo6&url=%2FJohnnie-Walker-Black-Edici%25C3%25B3n-Limitada%2Fdp%2FB0DPNGJKRG%2Fref%3Dsr_1_1_sspa%3Fdib%3DeyJ2IjoiMSJ9.tvkbUE0byYeYxazXAz9b4o9sL7VsFvkoENuKVPopr5LgA6BgHehFK6EO7HmPaeweOLGMA20Qvs0ZLnIP1ISnvnb1qKrkznKIPfp3g5bKJeK_jwpdx9Zw6OQ_GJG-pBcsh_EIA_r51zVJOlZMnmzYBE0gXdyd52bcxEZexdT6fLBNQDofyvyq6iXGlBrnMH7e1cRjCoh9sTtv7RycHYuc_PCAc8SLJDAf_6XaAIa1YhEHfgC304DtApGEXMTSrgPbt5zC3uRDyDjyRNIir2sWt2Ei8bOb9hVBDhQaiupCqck.omWxhSBKV_LuDSVav_-gMghxRzlxtquBKLmWZazqIGQ%26dib_tag%3Dse%26keywords%3Dvino%26qid%3D1758786115%26sr%3D8-1-spons%26ufe%3Dapp_do%253Aamzn1.fos.de93fa6a-174c-4df7-be7c-5bc8e9c5a71b%26sp_csd%3Dd2lkZ2V0TmFtZT1zcF9hdGY%26psc%3D1,2025-09-25 01:42:05
Amazon,CUATRO SOLES AFRUTADO SEMIDULCE,1895.0,0.29,,750ML,tinto,,,,https://www.amazon.com.mx/TINTO-AFRUTADO-SEMIDULCE-CUATRO-SOLES/dp/B0883CTW1L/ref=sr_1_29?dib=eyJ2IjoiMSJ9.tvkbUE0byYeYxazXAz9b4o9sL7VsFvkoENuKVPopr5LgA6BgHehFK6EO7HmPaeweOLGMA20Qvs0ZLnIP1ISnvnb1qKrkznKIPfp3g5bKJeK_jwpdx9Zw6OQ_GJG-pBcsh_EIA_r51zVJOlZMnmzYBE0gXdyd52bcxEZexdT6fLBNQDofyvyq6iXGlBrnMH7e1cRjCoh9sTtv7RycHYuc_PCAc8SLJDAf_6XaAIa1YhEHfgC304DtApGEXMTSrgPbt5zC3uRDyDjyRNIir2sWt2Ei8bOb9hVBDhQaiupCqck.omWxhSBKV_LuDSVav_-gMghxRzlxtquBKLmWZazqIGQ&dib_tag=se&keywords=vino&qid=1758786115&sr=8-29,2025-09-25 01:42:29
Costco,Kirkland Signature,259.0,,,750 ML,Tinto,España,Rioja,Rioja Reserva,https://www.costco.com.mx/Vinos/Vinos/Vino-Tinto/Vino-Tinto-Kirkland-Signature-Rioja-Reserva-750ml/p/917056,2025-09-30 01:31:13
Costco,La Cetto,269.0,,,750 ML,Rosado,México,Valle de Guadalupe,,https://www.costco.com.mx/Vinos/Vinos/Vino-Rosado/Vino-Rosado-LA-Cetto-Blanc-de-Zinfandel-750ml/p/523544,2025-09-30 01:31:28
Costco,Kirkland Signature,279.0,,,750 ML,Tinto,Argentina,Mendoza,Malbec,https://www.costco.com.mx/Vinos/Vinos/Vino-Tinto/Vino-Tinto-Kirkland-Signature-Malbec-750ml/p/1239144,2025-09-30 01:31:14
Costco,Cono Sur Orgánico,309.0,359.0,13.93,750 ML,Blanco,Chile,Valle del Maipo,Sauvignon Blanc,https://www.costco.com.mx/Vinos/Vinos/Vino-Blanco/Vino-Blanco-Cono-Sur-Organico-Sauvignon-Blanc-750-ml/p/681491,2025-09-30 01:31:04
Costco,Tattoo Girl Riesling,319.0,389.0,17.99,750 ML,Blanco,Estados Unidos,Columbia Valley,,https://www.costco.com.mx/Vinos/Vinos/Vino-Blanco/Vino-Blanco-Tattoo-Girl-Riesling-750ml/p/672789,2025-09-30 01:31:06
Costco,Veiga Naum,349.0,,,750 ML,Blanco,España,Rioja,,https://www.costco.com.mx/Vinos/Vinos/Vino-Blanco/Vino-Blanco-Veiga-Naum-750-ml/p/688388,2025-09-30 01:31:33
Costco,Kirkland Signature,369.0,,,750 ML,Tinto,Francia,Côtes du Rhône,,https://www.costco.com.mx/Vinos/Vinos/Vino-Tinto/Kirkland-Signature-Cotes-Du-Rhone-Villages-Vino-Tinto-750-ml/p/887774,2025-09-30 01:30:38
Costco,Kirkland Signature,379.0,,,1500 ML,Blanco,Estados Unidos,California,Chardonnay,https://www.costco.com.mx/Vinos/Vinos/Vino-Blanco/Vino-Blanco-Kirkland-Signature-Chardonnay-15-L/p/900084,2025-09-30 01:30:54
Costco,Chateau Domecq,399.0,,,750 ML,Rosado,México,,,https://www.costco.com.mx/Vinos/Vinos/Vino-Rosado/Vino-Rosado-Chateau-Domecq-750-ml/p/690453,2025-09-30 01:30:39
Costco,Gerard Bertrand,399.0,,,750 ML,Rosado,Francia,Languedoc,,https://www.costco.com.mx/Vinos/Vinos/Vino-Rosado/Vino-Rosado-Cote-des-Roses-750ml/p/654884,2025-09-30 01:30:45
Costco,Kirkland Signature Vacqueyras,399.0,,,750 ML,Tinto,Francia,Vacqueyras,,https://www.costco.com.mx/Vinos/Vinos/Vino-Tinto/Vino-Tinto-Kirkland-Signature-Vacqueyras-750-ml/p/5296766,2025-09-30 01:31:29
Costco,Kara Tara,409.0,459.0,10.89,750 ML,Blanco,Sudáfrica,,,https://www.costco.com.mx/Vinos/Vinos/Vino-Blanco/Vino-Blanco-Kara-Tara-750ml/p/676451,2025-09-30 01:30:29
Costco,Kirkland Signature,419.0,499.0,16.03,750 ML,Tinto,España,Ribera del Duero,Reserva,https://www.costco.com.mx/Vinos/Vinos/Vino-Tinto/Vino-Tinto-Kirkland-Signature-Ribera-del-Duero-Gran-Reserva-750ml/p/1169328,2025-09-30 01:30:34
Costco,Secrets De Mar,439.0,,,750 ML,Blanco,,,,https://www.costco.com.mx/Vinos/Vinos/Vino-Blanco/Vino-Blanco-Secrets-De-Mar-750-ml/p/694620,2025-09-30 01:31:11
Costco,Kim Crawford,449.0,599.0,25.04,750 ML,Blanco,Nueva Zelanda,Marlborough,Sauvignon Blanc,https://www.costco.com.mx/Vinos/Vinos/Vino-Blanco/Vino-Blanco-Kim-Crawford-Sauvignon-Blanc-750ml/p/296058,2025-09-30 01:30:30
Costco,Mary Taylor Touraine,449.0,,,750 ML,Blanco,,,,https://www.costco.com.mx/Vinos/Vinos/Vino-Blanco/Vino-Blanco-Mary-Taylor-Touraine-750-ml/p/684533,2025-09-30 01:30:32
Costco,Bellini Cipriani,449.0,499.0,10.02,750 ML,Espumoso,Italia,,,https://www.costco.com.mx/Vinos/Vinos/Vino-Espumoso-y-Champagne/Vino-Espumoso-Bellini-Cipriani-750ml/p/680355,2025-09-30 01:31:18
Costco,Belleruche Côtes-du-Rhône,449.0,,,750 ML,Rosado,Francia,Ródano,,https://www.costco.com.mx/Vinos/Vinos/Vino-Rosado/Vino-Rosado-Belleruche-Cotes-du-Rhone-750-ml/p/686903,2025-09-30 01:31:34
Costco,Botani Moscatel Old Vines,459.0,,,750 ML,Blanco,España,Andalucia,,https://www.costco.com.mx/Vinos/Vinos/Vino-Blanco/Vino-Blanco-Botani-Moscatel-Old-Vines-750-ml/p/639986,2025-09-30 01:30:50
Costco,Chateau Ste. Michelle,459.0,,,750 ML,Rosado,,,,https://www.costco.com.mx/Vinos/Vinos/Vino-Rosado/Vino-Rosado-Chateau-Ste-Michelle-750-ml/p/695402,2025-09-30 01:31:19
Costco,La Marca,469.0,629.0,25.44,750 ML,Espumoso,,,,https://www.costco.com.mx/Vinos/Vinos/Vino-Espumoso-y-Champagne/Prosecco-La-Marca-Rose-750-ml/p/683264,2025-09-30 01:30:42
Costco,Uno,469.0,,,750 ML,Blanco,Argentina,Valle de Uco,Chardonnay,https://www.costco.com.mx/Vinos/Vinos/Vino-Blanco/Vino-Blanco-Uno-Chardonnay-750-ml/p/688244,2025-09-30 01:31:02
Costco,La Marca,469.0,619.0,24.23,750 ML,Espumoso,,,,https://www.costco.com.mx/Vinos/Vinos/Vino-Espumoso-y-Champagne/Prosecco-La-Marca-750-ml/p/683263,2025-09-30 01:31:05
Costco,Minuty,469.0,549.0,14.57,750 ML,Rosado,Francia,A.O.C. Côtes de Provence,,https://www.costco.com.mx/Vinos/Vinos/Vino-Rosado/Vino-Rosado-M-Minuty-750ml/p/619032,2025-09-30 01:31:31
Costco,Fleurs de Prairie,479.0,,,750 ML,Rosado,Francia,Languedoc,,https://www.costco.com.mx/Vinos/Vinos/Vino-Rosado/Vino-Rosado-Fleurs-de-Prairie-750ml/p/670519,2025-09-30 01:31:02
Costco,Kirkland Signature,479.0,,,750 ML,Tinto,Estados Unidos,Willamette Valley,,https://www.costco.com.mx/Vinos/Vinos/Vino-Tinto/Vino-Tinto-Kirkland-Signature-Willamette-Valley-750ml/p/975274,2025-09-30 01:31:03
Costco,Symphonie Maison Sainte Marguerite,489.0,569.0,14.06,750 ML,Rosado,Francia,Provenza,,https://www.costco.com.mx/Vinos/Vinos/Vino-Rosado/Vino-Rosado-Symphonie-Maison-Sainte-Marguerite-750-ml/p/685717,2025-09-30 01:31:22
Costco,Martini Asti,499.0,579.0,13.82,750 ML,Espumoso,,,,https://www.costco.com.mx/Vinos/Vinos/Vino-Espumoso-y-Champagne/Vino-Espumoso-Martini-Asti-750-ml/p/688759,2025-09-30 01:30:30
Costco,Peñalba López Brut,519.0,,,750 ML,Espumoso,,,,https://www.costco.com.mx/Vinos/Vinos/Vino-Espumoso-y-Champagne/Vino-Espumoso-Penalba-Lopez-Brut-750-ml/p/684534,2025-09-30 01:30:35
Costco,Roubine La Vie en Rose Côtes de Provence,519.0,,,750 ML,Rosado,Francia,Côtes de Provence,,https://www.costco.com.mx/Vinos/Vinos/Vino-Rosado/Vino-Rosado-Roubine-La-Vie-en-Rose-Cotes-de-Provence-750-ml/p/684317,2025-09-30 01:31:07
Costco,Domaine Ste Michelle Brut Rose,529.0,,,750 ML,Espumoso,Estados Unidos,,,https://www.costco.com.mx/Vinos/Vinos/Vino-Espumoso-y-Champagne/Vino-Espumoso-Domaine-Ste-Michelle-Brut-Rose-750-ml/p/688092,2025-09-30 01:30:54
Costco,Prosecco Cipriani Gabriela,529.0,,,750 ML,Espumoso,,,,https://www.costco.com.mx/Vinos/Vinos/Vino-Espumoso-y-Champagne/Prosecco-Cipriani-Gabriela-750ml/p/683708,2025-09-30 01:31:11
Costco,La Crema,569.0,,,750 ML,Rosado,Estados Unidos,"Monterey, California",,https://www.costco.com.mx/Vinos/Vinos/Vino-Rosado/Vino-Rosado-La-Crema-Pinot-Noir-Rose-750ml/p/666980,2025-09-30 01:31:06
Costco,Domaine Raffaitin-Planchon Sancerre,579.0,,,750 ML,Blanco,Francia,Sancerre,,https://www.costco.com.mx/Vinos/Vinos/Vino-Blanco/Vino-Blanco-Domaine-Raffaitin-Planchon-Sancerre-750-ml/p/684863,2025-09-30 01:30:59
Costco,19 Crimes Modern Cali Gold White Skip,579.0,,,750 ML,Espumoso,EU,California,,https://www.costco.com.mx/Vinos/Vinos/Vino-Espumoso-y-Champagne/Vino-Espumoso-19-Crimes-Modern-Cali-Gold-White-Skip-750ml/p/693638,2025-09-30 01:31:22
Costco,Banshee Rose,599.0,,,750 ML,Rosado,,,,https://www.costco.com.mx/Vinos/Vinos/Vino-Rosado/Vino-Rosado-Banshee-Rose-750ml/p/657638,2025-09-30 01:31:23
Costco,Mathilde Chapoutier Côtes de Provence,629.0,,,750 ML,Rosado,Francia,Provence,,https://www.costco.com.mx/Vinos/Vinos/Vino-Rosado/Vino-Rosado-Mathilde-Chapoutier-Cotes-de-Provence-750-ml/p/686902,2025-09-30 01:30:53
Costco,Calafuria Salento Rose,639.0,,,750 ML,Rosado,Italia,Puglia,,https://www.costco.com.mx/Vinos/Vinos/Vino-Rosado/Vino-Rosado-Calafuria-Salento-Rose-750-ml/p/684366,2025-09-30 01:30:42
Costco,Chateau Teyssier 2022,649.0,,,750 ML,Tinto,Francia,Saint-Emilion Grand Cru,,https://www.costco.com.mx/Vinos/Vinos/Vino-Tinto/Vino-Tinto-Chateau-Teyssier-2022-750-ml/p/693895,2025-09-30 01:30:42
Costco,Lusco Albariño,689.0,,,750 ML,Blanco,España,,,https://www.costco.com.mx/Vinos/Vinos/Vino-Blanco/Vino-Blanco-Lusco-Albarino-750-ml/p/690452,2025-09-30 01:31:13
Costco,Kirkland Signature,699.0,,,750 ML,Espumoso,Francia,Champagne,,https://www.costco.com.mx/Vinos/Vinos/Vino-Espumoso-y-Champagne/Champagne-Kirkland-Signature-Brut-750ml/p/942108,2025-09-30 01:30:34
Costco,Marqués de Riscal,699.0,,,750 ML,Tinto,España,Rioja,Rioja Reserva,https://www.costco.com.mx/Vinos/Vinos/Vino-Tinto/Vino-Tinto-Marques-de-Riscal-Rioja-Reserva-750-ml/p/591260,2025-09-30 01:30:35
Costco,Chateau Lilian Ladouys 2022,699.0,,,750 ML,Tinto,Francia,Saint Estephe,,https://www.costco.com.mx/Vinos/Vinos/Vino-Tinto/Vino-Tinto-Chateau-Lilian-Ladouys-2022-750-ml/p/693888,2025-09-30 01:30:49
Costco,Pago de los Capellanes Roble,709.0,,,750 ML,Tinto,España,Ribera del Duero,,https://www.costco.com.mx/Vinos/Vinos/Vino-Tinto/Vino-Tinto-Pago-de-los-Capellanes-Roble-750ml/p/662212,2025-09-30 01:31:25
Costco,Pesquera,719.0,,,750 ML,Tinto,España,Ribera del Duero,,https://www.costco.com.mx/Vinos/Vinos/Vino-Tinto/Vino-Tinto-Pesquera-Crianza-750ml/p/543042,2025-09-30 01:31:19
Costco,AIX Vin de Provence,739.0,,,750 ML,Rosado,Francia,Provence,,https://www.costco.com.mx/Vinos/Vinos/Vino-Rosado/Vino-Rosado-AIX-Vin-de-Provence-750-ml/p/686901,2025-09-30 01:30:46
Costco,Decoy Alexander Vallley,749.0,,,750 ML,Tinto,Estados Unidos,California,Cabernet Sauvignon,https://www.costco.com.mx/Vinos/Vinos/Vino-Tinto/Vino-Tinto-Decoy-Alexander-Vallley-Cabernet-Sauvignon-750-ml/p/692487,2025-09-30 01:30:57
Costco,Whispering Angel,749.0,,,750 ML,Rosado,Francia,Cotes de Provence,,https://www.costco.com.mx/Vinos/Vinos/Vino-Rosado/Vino-Rosado-Whispering-Angel-750ml/p/631954,2025-09-30 01:31:10
Costco,Viña Zorzal Señora de las Alturas 2023,749.0,,,750 ML,Blanco,España,Navarra,,https://www.costco.com.mx/Vinos/Vinos/Vino-Blanco/Vino-Blanco-Vina-Zorzal-Senora-de-las-Alturas-2023-750-ml/p/694682,2025-09-30 01:31:16
Costco,Luc Belaire Gold Brut,759.0,859.0,11.64,750 ML,Espumoso,Francia,Borgoña,,https://www.costco.com.mx/Vinos/Vinos/Vino-Espumoso-y-Champagne/Vino-Espumoso-Luc-Belaire-Gold-Brut-750-ml/p/685715,2025-09-30 01:31:08
Costco,Six Eight Nine,759.0,,,750 ML,Tinto,Estados Unidos,Napa Valley,,https://www.costco.com.mx/Vinos/Vinos/Vino-Tinto/Vino-Tinto-Six-Eight-Nine-750ml/p/626670,2025-09-30 01:31:33
Costco,Minuty,779.0,,,750 ML,Rosado,Francia,Côtes de Provence,,https://www.costco.com.mx/Vinos/Vinos/Vino-Rosado/Vino-Rosado-Minuty-Prestige-750ml/p/512642,2025-09-30 01:30:46
Costco,Aurore de Dauzac,799.0,,,750 ML,Tinto,Francia,Gironde,,https://www.costco.com.mx/Vinos/Vinos/Vino-Tinto/Vino-Tinto-Aurore-de-Dauzac-750-ml/p/685281,2025-09-30 01:30:31
Costco,Henners Vintage,799.0,1099.0,27.3,750 ML,Espumoso,Inglaterra,Sussex,,https://www.costco.com.mx/Vinos/Vinos/Vino-Espumoso-y-Champagne/Vino-Espumoso-Henners-Vintage-750ml/p/677067,2025-09-30 01:31:03
Costco,Henners Brut,799.0,999.0,20.02,750 ML,Espumoso,Inglaterra,Sussex,,https://www.costco.com.mx/Vinos/Vinos/Vino-Espumoso-y-Champagne/Vino-Espumoso-Henners-Brut-750ml/p/677064,2025-09-30 01:31:16
Costco,Arzuaga,829.0,1099.0,24.57,750 ML,Tinto,España,D. O. Ribera del Duero,,https://www.costco.com.mx/Vinos/Vinos/Vino-Tinto/Vino-Tinto-Arzuaga-Crianza-750ml/p/655034,2025-09-30 01:31:26
Costco,Sinborder,849.0,,,750 ML,Blanco,Estados Unidos,,Chardonnay,https://www.costco.com.mx/Vinos/Vinos/Vino-Blanco/Vino-Blanco-Sinborder-Chardonnay-750-ml/p/690454,2025-09-30 01:31:10
Costco,Luc Belaire Rare Lux,859.0,,,750 ML,Espumoso,Francia,Borgoña,,https://www.costco.com.mx/Vinos/Vinos/Vino-Espumoso-y-Champagne/Vino-Espumoso-Luc-Belaire-Rare-Lux-750-ml/p/685716,2025-09-30 01:31:21
Costco,Minuty,899.0,1099.0,18.2,750 ML,Rosado,Francia,Côtes de Provence,,https://www.costco.com.mx/Vinos/Vinos/Vino-Rosado/Vino-Rosado-Chateau-Minuty-Rose-Or-750ml/p/653200,2025-09-30 01:30:42
Costco,Jermann Afix Riesling,899.0,1099.0,18.2,750 ML,Blanco,Italia,Friulli,,https://www.costco.com.mx/Vinos/Vinos/Vino-Blanco/Vino-Blanco-Jermann-Afix-Riesling-750-ml/p/684380,2025-09-30 01:30:50
Costco,Gloria Ferrer Sonoma Brut,899.0,,,750 ML,Espumoso,Estados Unidos,Sonoma,,https://www.costco.com.mx/Vinos/Vinos/Vino-Espumoso-y-Champagne/Vino-Espumoso-Gloria-Ferrer-Sonoma-Brut-750ml/p/679698,2025-09-30 01:30:59
Costco,Henners Brut Rose,899.0,1099.0,18.2,750 ML,Espumoso,Inglaterra,Sussex,,https://www.costco.com.mx/Vinos/Vinos/Vino-Espumoso-y-Champagne/Vino-Espumoso-Henners-Brut-Rose-750ml/p/677065,2025-09-30 01:31:07
Costco,Louis Latour Chablis,999.0,,,750 ML,Blanco,Francia,Chablis,,https://www.costco.com.mx/Vinos/Vinos/Vino-Blanco/Vino-Blanco-Louis-Latour-Chablis-750-ml/p/538324,2025-09-30 01:30:45
Costco,Rolu,999.0,,,750 ML,Tinto,México,San Vicente Baja California,,https://www.costco.com.mx/Vinos/Vinos/Vino-Tinto/Vino-Tinto-Rolu-750ml/p/618001,2025-09-30 01:31:15
Costco,San Simeon Stormwatch,999.0,,,750 ML,Tinto,Estados Unidos,Paso Robles,,https://www.costco.com.mx/Vinos/Vinos/Vino-Tinto/Vino-Tinto-San-Simeon-Stormwatch-750ml/p/672027,2025-09-30 01:31:25
Costco,Henners Native Grace,999.0,1299.0,23.09,750 ML,Espumoso,Inglaterra,Sussex,,https://www.costco.com.mx/Vinos/Vinos/Vino-Espumoso-y-Champagne/Vino-Espumoso-Henners-Native-Grace-750ml/p/677066,2025-09-30 01:31:33
Costco,Monte Xanic,1049.0,,,750 ML,Blanco,México,Valle de Guadalupe,,https://www.costco.com.mx/Vinos/Vinos/Vino-Blanco/Vino-Blanco-Monte-Xanic-Vina-Kristel-750ml-Vino-Rosado-Monte-Xanic-750ml/p/666630,2025-09-30 01:30:58
Costco,Chateau Carbonnieux,1099.0,,,750 ML,Blanco,Francia,Bordeaux,,https://www.costco.com.mx/Vinos/Vinos/Vino-Blanco/Vino-Blanco-Chateau-Carbonnieux-750-ml/p/685283,2025-09-30 01:30:56
Costco,Belle Glos,1099.0,,,750 ML,Tinto,Estados Unidos,Monterey County,,https://www.costco.com.mx/Vinos/Vinos/Vino-Tinto/Vino-Tinto-Belle-Glos-Las-Alturas-750ml/p/625823,2025-09-30 01:30:58
Costco,Whispering Angel,1099.0,1399.0,21.44,1500 ML,Rosado,Francia,Cotes de Provence,,https://www.costco.com.mx/Vinos/Vinos/Vino-Rosado/Vino-Rosado-Whispering-Angel-15-L/p/677522,2025-09-30 01:31:22
Costco,Flowers,1199.0,1399.0,14.3,750 ML,Blanco,Estados Unidos,Sonoma County,,https://www.costco.com.mx/Vinos/Vinos/Vino-Blanco/Vino-Blanco-Flowers-750ml/p/657343,2025-09-30 01:30:55
Costco,Minuty Prestige,1299.0,1499.0,13.34,1500 ML,Rosado,Francia,Côtes De Provence,,https://www.costco.com.mx/Vinos/Vinos/Vino-Rosado/Vino-Rosado-Minuty-Prestige-15-L/p/685113,2025-09-30 01:30:38
Costco,La Dame de Montrose 2022,1299.0,,,750 ML,Tinto,Francia,Saint-Estephe,,https://www.costco.com.mx/Vinos/Vinos/Vino-Tinto/Vino-Tinto-La-Dame-de-Montrose-2022-750-ml/p/693896,2025-09-30 01:31:15
Costco,Rock Angel,1399.0,,,750 ML,Rosado,Francia,,,https://www.costco.com.mx/Vinos/Vinos/Vino-Rosado/Vino-Rosado-Rock-Angel-750ml/p/675671,2025-09-30 01:31:26
Costco,Stella Rosa,1499.0,,,750 ML,Tinto,,,,https://www.costco.com.mx/Vinos/Vinos/Vino-Tinto/Vino-Tinto-Stella-Rosa-Rosso-6750ml/p/681056,2025-09-30 01:30:37
Costco,"Puligny-Montrachet ""Les Reuchaux""",1499.0,,,750 ML,Blanco,,,,https://www.costco.com.mx/Vinos/Vinos/Vino-Blanco/Vino-Blanco-Puligny-Montrachet-Les-Reuchaux-750ml/p/688549,2025-09-30 01:30:49
Costco,Chateau Guiraud 2022,1599.0,,,750 ML,Blanco,Francia,Sauternes,,https://www.costco.com.mx/Vinos/Vinos/Vino-Blanco/Vino-Blanco-Chateau-Guiraud-2022-750-ml/p/693886,2025-09-30 01:30:50
Costco,Chateau Langoiran,1699.0,,,3000 ML,Blanco,Francia,Cadillac,,https://www.costco.com.mx/Vinos/Vinos/Vino-Blanco/Vino-Blanco-Chateau-Langoiran-3-L/p/694159,2025-09-30 01:30:46
Costco,Ruinart,1899.0,,,750 ML,Espumoso,Francia,Champagne,,https://www.costco.com.mx/Vinos/Vinos/Vino-Espumoso-y-Champagne/Champagne-R-de-Ruinart-750ml/p/677519,2025-09-30 01:30:34
Costco,Duval Leroy Brut Reserve,1899.0,,,750 ML,Espumoso,Francia,Champagne,,https://www.costco.com.mx/Vinos/Vinos/Vino-Espumoso-y-Champagne/Champagne-Duval-Leroy-Brut-Reserve-750-ml/p/686914,2025-09-30 01:31:11
Costco,Caymus,1999.0,,,750 ML,Tinto,Estados Unidos,Napa Valley,,https://www.costco.com.mx/Vinos/Vinos/Vino-Tinto/Vino-Tinto-Caymus-Napa-Valley-750ml/p/613678,2025-09-30 01:30:41
Costco,Chateau Giscours 2022,1999.0,,,750 ML,Tinto,Francia,Margaux,,https://www.costco.com.mx/Vinos/Vinos/Vino-Tinto/Vino-Tinto-Chateau-Giscours-2022-750-ml/p/693107,2025-09-30 01:31:29
Costco,Chateau Grand Puy Lacoste 2022,2399.0,,,750 ML,Tinto,Francia,Pauillac,,https://www.costco.com.mx/Vinos/Vinos/Vino-Tinto/Vino-Tinto-Chateau-Grand-Puy-Lacoste-2022-750-ml/p/693883,2025-09-30 01:31:30
Costco,Veuve Clicquot,2399.0,,,750 ML,Espumoso,,,,https://www.costco.com.mx/Vinos/Vinos/Vino-Espumoso-y-Champagne/Champagne-Veuve-Clicquot-Rose-750ml/p/653507,2025-09-30 01:31:30
Costco,Chateau Brane Cantenac 2022,2499.0,,,750 ML,Tinto,Francia,Margaux,,https://www.costco.com.mx/Vinos/Vinos/Vino-Tinto/Vino-Tinto-Chateau-Brane-Cantenac-2022-750-ml/p/693789,2025-09-30 01:31:23
Costco,Laurent Perrier Cuvée Rosé de,3299.0,,,750 ML,Espumoso,,,,https://www.costco.com.mx/Vinos/Vinos/Vino-Espumoso-y-Champagne/Champagne-Laurent-Perrier-Cuvee-Rose-de-750-ml/p/684724,2025-09-30 01:30:52
Costco,Pavillon Blanc Second Vin,3699.0,,,750 ML,Blanco,Francia,"Margaux, Burdeos",,https://www.costco.com.mx/Vinos/Vinos/Vino-Blanco/Vino-Blanco-Pavillon-Blanc-Second-Vin-750-ml/p/694009,2025-09-30 01:31:18
Costco,Garrus,3899.0,4399.0,11.37,750 ML,Rosado,Francia,,,https://www.costco.com.mx/Vinos/Vinos/Vino-Rosado/Vino-Rosado-Garrus-750ml/p/675677,2025-09-30 01:31:26
Costco,Moët & Chandon,4099.0,,,1500 ML,Espumoso,Francia,,,https://www.costco.com.mx/Vinos/Vinos/Vino-Espumoso-y-Champagne/Champagne-Moet-Chandon-Ice-Imperial-15-L/p/677518,2025-09-30 01:30:54
Costco,Laurent Perrier Grand Siècle No.26 de,6499.0,,,750 ML,Espumoso,,,,https://www.costco.com.mx/Vinos/Vinos/Vino-Espumoso-y-Champagne/Champagne-Laurent-Perrier-Grand-Siecle-No26-de-750-ml/p/684725,2025-09-30 01:30:38
Costco,Dom Pérignon Rosé Vintage,8999.0,,,750 ML,Espumoso,,,,https://www.costco.com.mx/Vinos/Vinos/Vino-Espumoso-y-Champagne/Champagne-Dom-Perignon-Rose-Vintage-750ml/p/692192,2025-09-30 01:31:32
Costco,Viña El Pisón,9999.0,,,750 ML,Tinto,,,,https://www.costco.com.mx/Vinos/Vinos/Vino-Tinto/Vino-Tinto-Vina-El-Pison-750ml/p/691226,2025-09-30 01:31:18
Costco,Pavillon Blanc Du Chateau Margaux 2022,10499.0,,,750 ML,Blanco,Francia,Margaux,,https://www.costco.com.mx/Vinos/Vinos/Vino-Blanco/Vino-Blanco-Pavillon-Blanc-Du-Chateau-Margaux-2022-750-ml/p/693785,2025-09-30 01:31:01
Costco,Perrier Jouet Belle Epoque,15799.0,,,1500 ML,Espumoso,Francia,Épernay,,https://www.costco.com.mx/Vinos/Vinos/Vino-Espumoso-y-Champagne/Vino-Espumoso-Perrier-Jouet-Belle-Epoque-15L/p/692507,2025-09-30 01:30:30
HEB Mexico,CEPAS,129.0,179.0,27.93,750 ML,tinto,,,Malbec Bonarda,https://www.heb.com.mx/cepas-vino-tinto-cepas-malbec-bonarda-750-ml-927934/p,2025-09-27 01:39:02
HEB Mexico,Perla Rossa Dulce Prego,153.3,219.0,30.0,750 ml.,Vino Tinto.,Italia.,Emilia Romagna.,Blend/Mezcla de Variedades.,https://www.heb.com.mx/vino-tinto-perla-rossa-dulce-prego-750-ml-742594/p,2025-09-27 01:38:56
HEB Mexico,Hugo Spritz,179.0,219.0,18.26,750 ML,blanco,,,,https://www.heb.com.mx/capogiro-vino-blanco-hugo-spritz-750-ml-990003/p,2025-09-27 01:38:55
HEB Mexico,Vino Tinto Pinot Noir,279.0,549.0,49.18,750 ML,tinto,,,Pinot Noir,https://www.heb.com.mx/elusive-vino-tinto-pinot-noir-750-ml-946532/p,2025-09-27 01:39:06
HEB Mexico,Rioja,,,,750 ML,blanco,,,Sauvignon Blanc,https://www.heb.com.mx/marques-riscal-vino-blanco-sauvignon-blanc-rioja-750-ml-922874/p,2025-09-27 01:38:56
HEB Mexico,Latiendo,,,,750 ML,tinto,,,,https://www.heb.com.mx/san-miguel-vino-tinto-latiendo-750-ml-970621/p,2025-09-27 01:38:57
HEB Mexico,L.A. CETTO,,,,750 ML,tinto,,,Petite Sirah,https://www.heb.com.mx/l-a--cetto-vino-tinto-petite-sirah-750-ml-8198/p,2025-09-27 01:38:56
HEB Mexico,Brick,,,,946 ml,tinto,México,,,https://www.heb.com.mx/california-vino-tinto-brick-946-ml-9349/p,2025-09-27 01:39:01
HEB Mexico,CUATRO SOLES,,,,750 ml.,Vino Tinto.,México.,Aguascalientes.,Blend/Mezcla de Variedades.,https://www.heb.com.mx/cuatro-soles-vino-tinto-carignan-syrah-afrutados-750-ml-519791/p,2025-09-27 01:39:02
HEB Mexico,VIÑA SAN JUAN,,,,750 ML,blanco,,,,https://www.heb.com.mx/vi%C3%B1a-san-juan-vino-blanco-la-mancha-750-ml-977933/p,2025-09-27 01:39:03
HEB Mexico,SIGLO XXI,,,,750 ML,tinto,,,,https://www.heb.com.mx/siglo-xxi-vino-tinto-roble-4-meses-ribera-del-duero-750-ml-961031/p,2025-09-27 01:39:03
HEB Mexico,PARLEZ VOUS,,,,750 ML,rosado,,,,https://www.heb.com.mx/parlez-vous-vino-rosado-cabernet-franc-750-ml-921808/p,2025-09-27 01:39:07
La Europea,Estefanya Reservado,58.98,,,,tinto,Chile,Valle Central,Merlot,https://www.laeuropea.com.mx/vt-merlot-reservado-estefanya-187-ml-10000010789.html,2025-09-25 02:19:21
La Europea,Vinagre Borges De,59.12,,,,blanco,España,,,https://www.laeuropea.com.mx/vinagre-borges-de-vino-blanco-250ml-10000014248.html,2025-09-25 02:18:46
La Europea,Vivaldi Cabernet,103.97,,,750 ML,tinto,España,Tierra de CastillA y Leon,Cabernet sauvignon,https://www.laeuropea.com.mx/vt-vivaldi-cabernet-sauvignon-750ml-10000016455.html,2025-09-25 02:18:57
La Europea,Valeriano,118.8,132.0,10.0,,tinto,España,Rioja,Tempranillo,https://www.laeuropea.com.mx/vt-valeriano-tempranillo-750ml-10000011934.html,2025-09-25 02:19:13
La Europea,Canals & Nubiola Negre,125.0,,,,tinto,España,Cataluña,,https://www.laeuropea.com.mx/vt-nubiola-375ml-10000007368.html,2025-09-25 02:19:15
La Europea,Paris Seduction,126.5,253.0,50.0,,tinto,Francia,Rioja,,https://www.laeuropea.com.mx/vt-paris-seduction-750ml-10000010791.html,2025-09-25 02:19:03
La Europea,Vasco Viejo,158.0,,,700ML,tinto,Argentina,Mendoza,"Tempranillo, Merlot y Malbec.",https://www.laeuropea.com.mx/vt-vasco-viejo-700ml-10000005527.html,2025-09-25 02:19:15
La Europea,Sangre de Toro y,161.0,,,375 ML,tinto,España,Cataluña,Garnacha Cariñena,https://www.laeuropea.com.mx/vt-sangre-de-toro-cosecha-375ml-10000002150.html,2025-09-25 02:18:55
La Europea,Porca Murca Crianza,199.0,248.75,20.0,,tinto,Portugal,Douro,Old Vines,https://www.laeuropea.com.mx/vt-porca-murca-crianza-750ml-10000009241.html,2025-09-25 02:18:48
La Europea,Terreliade Rosso Blend,213.0,426.0,50.0,,tinto,Italia,Toscana,Nero Dávola,https://www.laeuropea.com.mx/vt-terreliade-rosso-blend-750ml-10000009648.html,2025-09-25 02:19:00
La Europea,Aromo Reserva,214.0,,,,tinto,Chile,Valle del Maule,Cabernet sauvignon,https://www.laeuropea.com.mx/vt-cab-sauv-aromo-rva-750ml-10000010513.html,2025-09-25 02:18:51
La Europea,Finca 1212,219.0,,,,tinto,Argentina,Mendoza,Shiraz,https://www.laeuropea.com.mx/vt-shiraz-finca-1212-750ml-10000006806.html,2025-09-25 02:19:18
La Europea,Finca 1212,219.0,,,,blanco,Argentina,Mendoza,Torrontes,https://www.laeuropea.com.mx/vb-torrontes-finca-1212-750ml-10000006807.html,2025-09-25 02:19:18
La Europea,Viña Lobera,253.32,316.65,20.0,750 ML,blanco,España,Rueda,Viura,https://www.laeuropea.com.mx/vb-vina-lobera-750-ml-10000017646.html,2025-09-25 02:19:02
La Europea,Sottano,276.0,345.0,20.0,750 ML,tinto,Argentina,Mendoza,Cabernet Sauvignon.,https://www.laeuropea.com.mx/vt-cabernet-sauvignon-sottano-750ml-10000004953.html,2025-09-25 02:19:22
La Europea,Portillo,287.5,,,750 ML,tinto,Argentina,Alto Valle de Uco,Malbec,https://www.laeuropea.com.mx/vt-malbec-portillo-750ml-10000002452.html,2025-09-25 02:18:57
La Europea,Portillo,287.5,,,750 ML,tinto,Argentina,Mendoza,Merlot,https://www.laeuropea.com.mx/vt-merlot-portillo-750ml-10000002453.html,2025-09-25 02:18:57
La Europea,Vino Blanco Chenin-Moscatel Indice - 750ml,293.0,,,,blanco,,Provenza Alpes Costa Azul,Chenin,https://www.laeuropea.com.mx/vb-mos-chenin-indice-750ml-10000009859.html,2025-09-25 02:18:56
La Europea,Índice,293.0,,,,rosado,México,Queretaro,,https://www.laeuropea.com.mx/vr-indice-750ml-10000011123.html,2025-09-25 02:19:11
La Europea,Vino Proventus,293.4,489.0,40.0,,Rosado,España,Castilla y León,Tempranillo,https://www.laeuropea.com.mx/vr-proventus-rosado-750ml-10000009898.html,2025-09-25 02:19:03
La Europea,Sangre de Toro,297.5,,,,tinto,España,Cataluña,,https://www.laeuropea.com.mx/vt-sangre-de-toro-750ml-10000010181.html,2025-09-25 02:19:08
La Europea,Ezequiel,313.99,,,,tinto,México,Valle de Bernal,Merlot,https://www.laeuropea.com.mx/vt-ezequiel-merlot-750ml-10000011422.html,2025-09-25 02:18:55
La Europea,Ezequiel,313.99,,,,blanco,México,Valle de Bernal,Chardonnay,https://www.laeuropea.com.mx/vb-ezequiel-chardonnay-750-ml-10000011423.html,2025-09-25 02:18:58
La Europea,Viña Lobera,318.94,398.68,20.0,750 ML,rosado,España,Ribera del Duero,"Viura, Garnacha, Tempranillo",https://www.laeuropea.com.mx/vr-vi-a-lobera-750-ml-10000017648.html,2025-09-25 02:19:06
La Europea,Ramon Bilbao,319.2,399.0,20.0,,rosado,España,D.O.Ca. Rioja,,https://www.laeuropea.com.mx/vr-ramon-bilbao-rosado-750ml-10000014733.html,2025-09-25 02:19:09
La Europea,Pazo Casanova,319.9,399.88,20.0,,blanco,España,Ribeiro,,https://www.laeuropea.com.mx/vb-pazo-cazanova-750ml-10000011243.html,2025-09-25 02:19:05
La Europea,Garzon Pinot Grigio Estate,327.25,385.0,15.0,,blanco,Uruguay,Garzón,Pinot Grigio,https://www.laeuropea.com.mx/vb-pinot-grigio-garzon-estate-750ml-10000010844.html,2025-09-25 02:18:53
La Europea,Kaiken Rose,329.0,,,,rosado,Argentina,Mendoza,Malbec,https://www.laeuropea.com.mx/vr-kaiken-rose-750ml-10000004804.html,2025-09-25 02:19:19
La Europea,Torres Altos Ibericos,339.0,,,,tinto,España,Rioja,,https://www.laeuropea.com.mx/vt-torres-ibericos-rioja-750ml-10000004582.html,2025-09-25 02:19:17
La Europea,Tannat de Corte Garzon,350.1,389.0,10.0,,tinto,Uruguay,Garzón,Blend,https://www.laeuropea.com.mx/vt-tannat-garzon-estate-750ml-10000010845.html,2025-09-25 02:18:51
La Europea,Sottano,353.83,505.47,30.0,,tinto,Argentina,Mendoza,Malbec.,https://www.laeuropea.com.mx/vt-malbec-sottano-750ml-10000004949.html,2025-09-25 02:19:05
La Europea,Chandon Delice,359.25,479.0,25.0,750ML,espumoso,Argentina,Mendoza,Demisec,https://www.laeuropea.com.mx/ve-chandon-delice-750ml-10000010779.html,2025-09-25 02:18:54
La Europea,Chandon Brut,359.25,479.0,25.0,750ML,espumoso,Argentina,Mendoza,Brut,https://www.laeuropea.com.mx/ve-chandon-brut-750ml-10000008848.html,2025-09-25 02:19:10
La Europea,Termometro Para Vino Digital C/Alarma,366.79,611.32,40.0,,,,,,https://www.laeuropea.com.mx/termometro-para-vino-digital-c-alarma-10000004681.html,2025-09-25 02:18:46
La Europea,Pinot Noir Rose Garzon,369.0,410.0,10.0,,rosado,Uruguay,Garzón,Blend,https://www.laeuropea.com.mx/vr-pinot-noir-rose-garzon-750ml-10000011177.html,2025-09-25 02:18:52
La Europea,Torralbenc,389.04,778.08,50.0,,blanco,España,"Menorca, Islas Baleares",,https://www.laeuropea.com.mx/vb-torralbenc-750ml-10000011615.html,2025-09-25 02:19:10
La Europea,Viña Esmeralda,397.5,,,750 ML,espumoso,España,,,https://www.laeuropea.com.mx/ve-vina-esmeralda-750ml-10000016613.html,2025-09-25 02:18:59
La Europea,Orlandi semi seco,399.0,,,750 ML,espumoso,México,Ezequiel Montes,,https://www.laeuropea.com.mx/ve-orlandi-semi-seco-750ml-10000006424.html,2025-09-25 02:19:19
La Europea,Veneto Santa Margherita,421.17,842.34,50.0,750 ML,tinto,Italia,Veneto,Merlot,https://www.laeuropea.com.mx/vt-merlot-veneto-santa-margherita-750ml-10000009469.html,2025-09-25 02:18:48
La Europea,Santa Margherita Prosecco Superiore,446.05,594.73,25.0,,espumoso,Italia,Valdobbiadene,Glera,https://www.laeuropea.com.mx/ve-prosecco-santa-margherita-750ml-10000009150.html,2025-09-25 02:18:48
La Europea,"Enate, Gewürztraminer,",463.2,579.0,20.0,750ML,blanco,España,Somontano DO,,https://www.laeuropea.com.mx/vb-gewurztramirer-enate-750ml-10000005971.html,2025-09-25 02:19:12
La Europea,Guanamé,469.0,,,,tinto,México,"Valle de Guadalupe, Baja California",Malbec,https://www.laeuropea.com.mx/vt-guaname-malbec-750ml-10000014852.html,2025-09-25 02:19:16
La Europea,La Fontana Albariño,470.99,,,,blanco,España,Rias Baixas,,https://www.laeuropea.com.mx/vb-la-fontana-albari-o-750ml-10000007653.html,2025-09-25 02:19:21
La Europea,Emina Verdejo,476.0,,,,blanco,España,Rueda,,https://www.laeuropea.com.mx/vb-emina-verdejo-750ml-10000006560.html,2025-09-25 02:18:57
La Europea,Mouton Cadet Rouge,476.1,529.0,10.0,750 ML,tinto,Francia,Bordeaux,"Merlot 86%, Cabernet Sauvigon 10%, Cabernet franc 4%",https://www.laeuropea.com.mx/vt-mouton-cadet-rouge-750ml-10000018069.html,2025-09-25 02:18:46
La Europea,Sassoregale Sangiovese,480.8,601.0,20.0,,tinto,Italia,"Maremma, Toscana",Sangiovese,https://www.laeuropea.com.mx/vt-sassoregale-sangiovese-750ml-10000014879.html,2025-09-25 02:19:15
La Europea,Ramon Bilbao Albariño,481.5,535.0,10.0,,blanco,España,Rías Baixas,100% Albariño.,https://www.laeuropea.com.mx/vb-ramon-bilbao-albari-o-750ml-10000011260.html,2025-09-25 02:19:08
La Europea,Roble Viña Sastre,485.0,,,750 ML,tinto,España,Ribera del Duero,,https://www.laeuropea.com.mx/vt-roble-vi-a-sastre-750ml-10000001111.html,2025-09-25 02:19:22
La Europea,L´Avi Arrufi,494.5,989.0,50.0,,blanco,España,"Terra Alta, Cataluña",100% Garnacha Blanca,https://www.laeuropea.com.mx/vb-lavi-arrufi-750ml-10000010324.html,2025-09-25 02:18:45
La Europea,Santa Margherita Sparkling Rosé,494.68,618.35,20.0,,espumoso,Italia,Veneto,,https://www.laeuropea.com.mx/ve-spumante-rose-sta-margherita-750ml-10000011021.html,2025-09-25 02:18:49
La Europea,Francois Montand Ice,498.98,,,,espumoso,Francia,Jura,,https://www.laeuropea.com.mx/ve-francois-motand-ice-750ml-10000011761.html,2025-09-25 02:19:01
La Europea,Altitudes Ixsir,527.14,878.56,40.0,,blanco,Líbano,Batroun,,https://www.laeuropea.com.mx/vb-altitudes-ixsir-750ml-10000010684.html,2025-09-25 02:18:53
La Europea,San Juanito Syrah,560.0,,,,tinto,México,Valle de Bernal,Malbec,https://www.laeuropea.com.mx/vt-syrah-malbec-san-juanito-750ml-10000008882.html,2025-09-25 02:19:20
La Europea,Oinoz,566.5,,,,tinto,España,Rioja,,https://www.laeuropea.com.mx/vt-oinoz-750ml-10000011372.html,2025-09-25 02:18:50
La Europea,Serie by La Europea Gouveio,599.0,1198.0,50.0,,blanco,Portugal,Douro,,https://www.laeuropea.com.mx/vb-serie-by-la-europea-gouveio-750ml-10000019045.html,2025-09-25 02:18:50
La Europea,Frescobaldi Alie Rose Vino Espumoso Verrmentino,605.0,,,750 ML,rosado,Italia,Toscana,,https://www.laeuropea.com.mx/vr-ammiraglia-alie-750ml-10000016682.html,2025-09-25 02:18:49
La Europea,Kaiken Brut,609.0,,,,espumoso,Argentina,Mendoza,,https://www.laeuropea.com.mx/ve-espumoso-kaiken-brut-750ml-10000008781.html,2025-09-25 02:19:03
La Europea,Lavista,627.0,,,,tinto,México,Guanajuato,Malbec,https://www.laeuropea.com.mx/vt-lavista-malbec-750ml-10000014853.html,2025-09-25 02:19:08
La Europea,Amicorum Gran Vino,651.75,869.0,25.0,,blanco,Argentina,,Chardonnay,https://www.laeuropea.com.mx/vb-amicorum-gran-vino-chardonnay-750ml-10000014722.html,2025-09-25 02:18:46
La Europea,D O Ferreiro,658.0,,,,blanco,España,Rias Baixas,Albariño 100%,https://www.laeuropea.com.mx/vb-albari-o-d-o-ferreiro-750ml-10000008396.html,2025-09-25 02:19:06
La Europea,Planeta Cometa,679.45,1358.89,50.0,,blanco,Italia,Sicilia,,https://www.laeuropea.com.mx/vb-planeta-cometa-750ml-10000008619.html,2025-09-25 02:19:09
La Europea,Emina Crianza,708.5,,,750 ML,tinto,España,Ribera Del Duero,,https://www.laeuropea.com.mx/vt-emina-crianza-750ml-10000002389.html,2025-09-25 02:19:00
La Europea,Teziano,879.2,1099.0,20.0,,tinto,México,Baja California,Cabernet Sauvignon.,https://www.laeuropea.com.mx/vt-teziano-750ml-10000004666.html,2025-09-25 02:19:13
La Europea,CM Matarromera,918.5,,,750ML,tinto,España,Rioja,,https://www.laeuropea.com.mx/vt-matarromera-carlos-moro-750ml-10000011370.html,2025-09-25 02:19:10
La Europea,Finca Villacreces,1129.0,,,,tinto,España,Ribera Del Duero,,https://www.laeuropea.com.mx/vt-finca-villacreces-750ml-10000008235.html,2025-09-25 02:19:06
La Europea,Propiedad,1149.0,,,,tinto,España,Rioja,,https://www.laeuropea.com.mx/vt-propiedad-750ml-10000011740.html,2025-09-25 02:19:13
La Europea,Syrah Enate,1239.0,,,,tinto,España,Somontano,"Syrah de Cregenzán, Shiraz de Alcanetos",https://www.laeuropea.com.mx/vt-syrah-shiraz-enate-750ml-10000005857.html,2025-09-25 02:19:22
La Europea,Blue Nun Eiswein,1439.34,,,500 ML,blanco,Alemania,Rheinhessen,Riesling,https://www.laeuropea.com.mx/vb-eiswein-blue-nun-500ml-10000001582.html,2025-09-25 02:19:19
La Europea,Proventus,1603.8,1782.0,10.0,1.5 L,tinto,España,Ribera del Duero,,https://www.laeuropea.com.mx/vt-proventus-1-5-l-10000013531.html,2025-09-25 02:18:54
La Europea,Milmanda de Torres,1717.0,,,750 ML,blanco,España,Milmanda,,https://www.laeuropea.com.mx/vb-milmanda-de-torres-750ml-10000001612.html,2025-09-25 02:19:16
La Europea,Luc Belaire Falaire,1735.24,,,,espumoso,Francia,Provenza Alpes Costa Azul,,https://www.laeuropea.com.mx/ve-belaire-rose-fantome-1-5l-10000009880.html,2025-09-25 02:19:07
La Europea,Tr3smano,2716.0,3395.0,20.0,1.5L,tinto,España,Ribera del Duero,Tempranillo,https://www.laeuropea.com.mx/vt-tr3smano-1-5l-10000010260.html,2025-09-25 02:19:03
La Europea,Gabbro Montepeloso,3038.44,5064.07,40.0,,tinto,Italia,Toscana,,https://www.laeuropea.com.mx/vt-montepeloso-gabbro-750ml-10000007134.html,2025-09-25 02:18:59
La Europea,Marqués de Vargas Selección Privada,3154.5,,,750 ML,tinto,España,Rioja,"Tempranillo, resto Mazuelo, Garnacha, Cabernet Sauvignon.",https://www.laeuropea.com.mx/vt-marques-de-vargas-rva-privada-750ml-10000000010.html,2025-09-25 02:18:54
La Europea,Cobos,5875.59,9792.65,40.0,,tinto,Argentina,Mendoza,Malbec.,https://www.laeuropea.com.mx/vt-malbec-cobos-750ml-10000004409.html,2025-09-25 02:19:04
La Europea,Tr3smano,6295.5,6995.0,10.0,,tinto,España,Ribera del Duero,Tempranillo,https://www.laeuropea.com.mx/vt-tr3smano-3l-10000010261.html,2025-09-25 02:19:14
La Europea,TM,6302.0,,,,tinto,España,Rioja,Tempranillo,https://www.laeuropea.com.mx/vt-tm-750ml-10000011359.html,2025-09-25 02:19:14
La Europea,Contador Bodega,7198.81,13900.0,48.21,,tinto,España,Rioja,Tempranillo.,https://www.laeuropea.com.mx/vt-contador-750ml-10000005284.html,2025-09-25 02:19:01
Soriana,L.A. Cetto,59.9,70.47,15.0,187 ML,rosado,México,,Zinfandel,https://www.soriana.com/vino-rosado-mexicano-l.-a.-cetto-de-zinfandel-187ml/376250.html,2025-09-27 02:09:19
Soriana,Panul,99.0,,,750 ML,Vinos de Mesa,Chile,,,https://www.soriana.com/vino-rosado-chileno-panul-rose-750ml/11655122.html,2025-09-27 02:09:15
Soriana,GAVIOLI,119.0,140.0,15.0,750 ML,Tinto Espumoso Semi-dulce,Italia,EMILIA ROMAGNA,Lambrusco,https://www.soriana.com/vino-tinto-italiano-lambrusco-emilia-igt-gavioli-750-ml/11654465.html,2025-09-27 02:09:28
Soriana,Santa Rita,125.0,147.06,15.0,750 ML,,,,Sauvignon Blanc,https://www.soriana.com/vino-blanco-rita-sauvignon-blanc-750ml/11883775.html,2025-09-27 02:08:44
Soriana,Reservado,125.0,147.06,15.0,750 ML,Vino Rosado,Chile,,Cabernet Sauvignon,https://www.soriana.com/vino-rosado-chileno-rose-reservado-concha-y-toro-750ml/3003467.html,2025-09-27 02:09:11
Soriana,Santa Rita,125.0,147.06,15.0,750 ML,,,,Syrah,https://www.soriana.com/vino-rosado-santa-rita-syrah-750ml/11883847.html,2025-09-27 02:09:22
Soriana,Knock Knock,126.0,148.24,15.0,750 ML,Tinto,España,,,https://www.soriana.com/vino-blanco-espanol-knock-knock--750-ml/11748881.html,2025-09-27 02:08:22
Soriana,Caribe,126.0,148.24,15.0,750 ML,Tinto,México,,,https://www.soriana.com/vino-espumoso-mexicano-tinto-coolwine-dulce-750ml/11532313.html,2025-09-27 02:09:28
Soriana,Maria 1926,129.0,151.76,15.0,750 ML,Vino Rosado,España,,,https://www.soriana.com/vino-rosado-espanol-de-verano-maria-1926-750ml/11787186.html,2025-09-27 02:08:44
Soriana,Cuatro Soles,131.3,154.47,15.0,700 ML,Tinto Espumoso,,México,,https://www.soriana.com/vino-tinto-espumoso-cuatro-soles-700-ml/11273600.html,2025-09-27 02:09:22
Soriana,Bodegas Chandon,149.0,175.29,15.0,187 ML,Espumoso,,,,https://www.soriana.com/vino-espumoso-chandon-garden-spritz-187ml/11727173.html,2025-09-27 02:08:52
Soriana,Finca Las Moras,149.0,175.29,15.0,750 ML,rosado,Argentina,,Malbec,https://www.soriana.com/vino-rosado-argentino-finca-las-moras-malbec-750ml/11326697.html,2025-09-27 02:08:55
Soriana,Knock Knock,149.0,175.29,15.0,750 ML,BLANCO,,,Verdejo,https://www.soriana.com/vino-blanco-knock-knock-verdejo-750ml/11883406.html,2025-09-27 02:09:22
Soriana,Trapiche,153.0,180.0,15.0,750 ML,Vino Rosado,Argentina,,Malbec,https://www.soriana.com/vino-rosado-argentino-trapiche-malbec-750ml/11650850.html,2025-09-27 02:09:03
Soriana,Santa Julia,159.0,187.06,15.0,750 ML,Vino Rosado,Argentina,Argentina,Malbec,https://www.soriana.com/vino-rosado-argentino-vino-santa-julia-coleccion-swet-rose-malbec-750ml/11721686.html,2025-09-27 02:08:29
Soriana,Riunite,165.0,194.12,15.0,750 ML,Vino,Italia,Emilia Romagna,Lambrusco,https://www.soriana.com/vino-rosado-italiano-lambrusco-riunite-lambrusco-750ml/11240421.html,2025-09-27 02:08:32
Soriana,Vinicola Decordi,169.0,198.82,15.0,750 ML,Vinos de Mesa,Italia,,Moscatel,https://www.soriana.com/vino-espumoso-italiano-collezione-21-moscato-blu-750ml/11824853.html,2025-09-27 02:08:33
Soriana,Santa Ema,169.0,,,750 ML,Vino Blanco,Chile,,Sauvignon Blanc,https://www.soriana.com/vino-blanco-chileno-santa-ema-select-terroir-reserva-sauvignon-blanc-2023-750ml/11770378.html,2025-09-27 02:09:07
Soriana,Carmen,179.0,,,750 ML,Vino Tinto,Chile,,Merlot,https://www.soriana.com/vino-tinto-chileno-carmen-1850-premier-merlot-750ml/11714308.html,2025-09-27 02:08:39
Soriana,Sangre de Cristo,186.0,218.82,15.0,750 ML,Vino Tinto,,,,https://www.soriana.com/vino-tinto-ferrino-sangre-de-cristo-700-ml/385998.html,2025-09-27 02:08:52
Soriana,Lacheteau,189.0,222.35,15.0,750 ML,Rosado,Francia,,,https://www.soriana.com/vino-rosado-frances-lacheteau-cabernet-franc-750ml/11791312.html,2025-09-27 02:08:51
Soriana,Panul,189.0,222.35,15.0,750 ML,Vinos de Mesa,Chile,,Chardonnay,https://www.soriana.com/vino-blanco-chileno-panul-reserva-especial-chardonnay-750ml/11655446.html,2025-09-27 02:09:03
Soriana,Santa Julia,195.0,229.41,15.0,750 ML,"Chenin Blanc, Chardonnay",,,Chardonnay,https://www.soriana.com/vino-blanco-santa-julia-chardonnay-750-ml/11705003.html,2025-09-27 02:08:25
Soriana,Vinicola Decordi,199.0,234.12,15.0,750 ML,Prosecco,Italia,,Glera,https://www.soriana.com/vino-espumoso-italiano-collezione-21-prosecco-extra-seco-750ml/11824849.html,2025-09-27 02:08:36
Soriana,GAVIOLI,199.0,234.12,15.0,750 ML,Asti,,PIEMONTE,Moscatel,https://www.soriana.com/vino-blanco-espumoso-asti-docg-gavioli-750-ml/11654457.html,2025-09-27 02:08:36
Soriana,Santa Rita,199.0,234.12,15.0,750 ML,Vino Blanco,Chile,,Zinfandel,https://www.soriana.com/vino-rosado-chileno-santa-rita-120-white-zinfandel-750ml/11720788.html,2025-09-27 02:08:44
Soriana,CARMEN FRIDA KAHLO,199.0,,,750 ML,Tinto,Chile,,Cabernet Sauvignon,https://www.soriana.com/vino-tinto-chileno-frida-kahlo-reserva-cabernet-sauvignon-750ml/11653632.html,2025-09-27 02:09:11
Soriana,Barefoot,205.0,241.18,15.0,750 ML,rosado,Estados Unidos,,,https://www.soriana.com/vino-rosado-americano-barefoot-moscato-750ml/11270571.html,2025-09-27 02:09:19
Soriana,Sol y Nieve,209.0,245.88,15.0,750 ML,blanco,,Rueda,,https://www.soriana.com/vino-blanco-sol-y-nieve-750-ml/11591451.html,2025-09-27 02:08:21
Soriana,Picabuey Blend,209.0,245.88,15.0,750 ML,Vino Tinto,,,Blend,https://www.soriana.com/vino-tinto-picabuey-blend-750ml/11712929.html,2025-09-27 02:08:44
Soriana,Bolla,219.0,257.65,15.0,750 ML,blanco,Italia,,,https://www.soriana.com/vino-blanco-italiano-bolla-pinot-grigio-750ml/11705002.html,2025-09-27 02:09:22
Soriana,Riunite,229.0,269.41,15.0,187 ML,Vino,Italia,Emilia Romagna,Lambrusco,https://www.soriana.com/vino-rosado-italiano-lambrusco-rose-riunite-4-pack-lambrusco-187ml/11240422.html,2025-09-27 02:09:18
Soriana,Emilia,249.0,292.94,15.0,1500 ML,Tinto,,,Lambrusco,https://www.soriana.com/vino-tinto-lambrusco-emilia-1.5-lt/11704350.html,2025-09-27 02:08:22
Soriana,FANTINI,249.0,292.94,15.0,750 ML,Vino Blanco,Italia,Italia,Pinot Meunier,https://www.soriana.com/vino-blanco-italiano-pinot-grigio-igt-pinot-meunier-750ml/11721682.html,2025-09-27 02:08:29
Soriana,Francois Martenot,249.0,292.94,15.0,750 ML,Blanco,Francia,,,https://www.soriana.com/vino-blanco-frances-francois-martenot-gamay-750ml/11791290.html,2025-09-27 02:08:36
Soriana,Cavall Rose,249.0,292.94,15.0,750 ML,rosado,México,,Zinfandel,https://www.soriana.com/vino-rosado-mexicano-cavall-rose-zinfandel-750ml/11816425.html,2025-09-27 02:08:48
Soriana,Estancia Mendoza,249.0,292.94,15.0,750 ML,Vino Espumoso,Argentina,,,https://www.soriana.com/vino-espumoso-argentino-estancia-mendoza-extra-brut-750ml/11719181.html,2025-09-27 02:08:55
Soriana,Carmen,249.0,292.94,15.0,750 ML,Vino Espumoso,Chile,,,https://www.soriana.com/vino-espumoso-chileno-frida-kahlo-cuvee-brut-750ml/11714337.html,2025-09-27 02:09:07
Soriana,Cavall,249.0,292.94,15.0,750 ML,blanco,México,,,https://www.soriana.com/vino-blanco-mexicano-cavall-v-trebbiano750ml/11816426.html,2025-09-27 02:09:15
Soriana,Riunite,259.0,304.71,15.0,1500 ML,rosado,Italia,,Lambrusco,https://www.soriana.com/vino-rosado-italiano-riunite-lambrusco-rose-1.5l/11705004.html,2025-09-27 02:08:32
Soriana,Norton,265.0,311.76,15.0,750 ML,blanco,,"Mendoza, Argenita",,https://www.soriana.com/vino-blanco-norton-coleccion-torrontes-750-ml/11651068.html,2025-09-27 02:08:36
Soriana,Bornos,279.0,328.24,15.0,750 ML,espumoso,,,Verdejo,https://www.soriana.com/vino-espumoso-bornos-frizzante-verdejo-750-ml/11477001.html,2025-09-27 02:08:59
Soriana,Bornos,279.0,328.24,15.0,750 ML,espumoso,,,Tempranillo,https://www.soriana.com/vino-espumoso-bornos-frizzante-rosado-750-ml/11477000.html,2025-09-27 02:09:19
Soriana,Los Helechos,299.0,351.76,15.0,750 ML,blanco,Argentina,,Chardonnay,https://www.soriana.com/vino-blanco-argentino-los-helechos-reserva-chardonnay-750ml/11716918.html,2025-09-27 02:08:29
Soriana,Carmen,299.0,351.76,15.0,750 ML,Vino Blanco,Chile,,Chardonnay,https://www.soriana.com/vino-blanco-chileno-carmen-gran-reserva-chardonnay-750ml/11714301.html,2025-09-27 02:08:59
Soriana,Santa Ema,299.0,,,750 ML,Vino Blanco,Chile,,Sauvignon Blanc,https://www.soriana.com/vino-blanco-chileno-santa-ema-gran-reserva-sauvignon-blanc-2023-750ml/11770377.html,2025-09-27 02:08:59
Soriana,FAUSTINO,299.0,,,750 ML,Vino Tinto,España,,Tempranillo,https://www.soriana.com/vino-tinto-espanol-faustino-crianza-750ml/11270911.html,2025-09-27 02:09:08
Soriana,Taylor's,299.0,351.76,15.0,500 ML,Vino Blanco,,Douro - Porto,,https://www.soriana.com/vino-blanco-portugues-oporto-taylors-fine-white-500ml/11655882.html,2025-09-27 02:09:15
Soriana,Riunite,305.0,358.82,15.0,750 ML,Espumoso,Italia,"Viñedos situados en el área Travieso, al norte de Venezia en Italia",Glera,https://www.soriana.com/vino-espumoso-italiano-maschio-prosecco-glera-750ml/11270876.html,2025-09-27 02:08:36
Soriana,Gran Sangre De Toro,315.0,370.59,15.0,750 ML,Vino Tinto,,,,https://www.soriana.com/vino-tinto-gran-sangre-de-toro-reserva-750-ml/481917.html,2025-09-27 02:08:48
Soriana,Finca Iriarte,315.0,370.59,15.0,750 ML,Vino tinto,,,,https://www.soriana.com/vino-tinto-finca-iriarte-750ml/11569294.html,2025-09-27 02:08:48
Soriana,Maschio Prosecco Rose Extra Dry,315.0,370.59,15.0,750 ML,espumoso,Italia,,,https://www.soriana.com/vino-espumoso-italiano-maschio-prosecco-rose-extra-dry-750ml/11705005.html,2025-09-27 02:09:11
Soriana,Freixenet,335.0,394.12,15.0,750 ML,blanco,España,,Sauvignon Blanc,https://www.soriana.com/vino-blanco-espanol-freixenet--sauvignon-blanc-750ml/11688510.html,2025-09-27 02:09:08
Soriana,Freixenet,335.0,394.12,15.0,750 ML,Rosado,,,,https://www.soriana.com/freixenet-rosado-pza/11688511.html,2025-09-27 02:09:26
Soriana,Apothic Rosé,338.0,397.65,15.0,750 ML,rosado,Estados Unidos,,Tempranillo,https://www.soriana.com/vino-rosado-americano-apothic-rose-tempranillo-750ml/11650776.html,2025-09-27 02:09:26
Soriana,Don Nicanor,349.0,,,750 ML,Vinos Blanco,Argentina,,Chardonnay,https://www.soriana.com/vino-blanco-argentino-don-nicanor-chardonnay-750ml/11748213.html,2025-09-27 02:08:25
Soriana,Panul,349.0,410.59,15.0,750 ML,Vinos de Mesa,Chile,,Carménère,https://www.soriana.com/vino-tinto-chileno-panul-gran-reserva-carmenere-750ml/11655050.html,2025-09-27 02:08:32
Soriana,Panul,349.0,410.59,15.0,750 ML,Vino blanco,Chile,,Chardonnay,https://www.soriana.com/vino-blanco-chileno-panul-gran-reserva-chardonnay-750ml/11655548.html,2025-09-27 02:08:55
Soriana,Don Nicanor,349.0,,,750 ML,Vino tinto,Argentina,,Malbec,https://www.soriana.com/vino-tinto-argentino-don-nicanor-malbec-750ml/1419393.html,2025-09-27 02:08:59
Soriana,Norton,355.0,417.65,15.0,750 ML,espumoso,Argentina,"Luján de Cuyo, Mendoza, Argentina",Chardonnay,https://www.soriana.com/vino-espumoso-argentino-norton--cosecha-especial-extra-brut-chardonnay-750ml/11651073.html,2025-09-27 02:09:03
Soriana,Chandón,383.5,451.18,15.0,750 ML,Vino Espumoso,Argentina,,Chardonnay,https://www.soriana.com/vino-espumoso-argentino-chandon-delice-750ml/11614670.html,2025-09-27 02:08:55
Soriana,Orot,389.0,457.65,15.0,750 ML,tinto,España,Toro,,https://www.soriana.com/vino-tinto-espanol-orot-roble-750ml/11734828.html,2025-09-27 02:08:29
Soriana,Calixa Valle Ojos negros,389.0,457.65,15.0,750 ML,blanco,México,,Chardonnay,https://www.soriana.com/vino-blanco-mexicano-calixa-ojos-negros-chardonnay-750ml/11531640.html,2025-09-27 02:08:48
Soriana,Santa Julia,399.0,469.41,15.0,750 ML,Vino Rosado,Argentina,Argentina,Malbec,https://www.soriana.com/vino-rosado-argentino-vino-santa-julia-spara-rose-malbec-750ml/11721707.html,2025-09-27 02:08:33
Soriana,Maria 1926,399.0,469.41,15.0,750 ML,Vino Tinto,España,,Tempranillo,https://www.soriana.com/vino-tinto-espanol-maria-1926-crianza-tempranillo-750ml/11725252.html,2025-09-27 02:08:40
Soriana,Calixa Valle Ojos negros,409.0,481.18,15.0,750 ML,Vino tinto,México,,,https://www.soriana.com/vino-tinto-mexicano-calixa-monte-xanic-blend-750ml/3134618.html,2025-09-27 02:08:44
Soriana,Freixenet,415.0,488.24,15.0,750 ML,Vino rosado,Italia,,,https://www.soriana.com/vino-rosado-italiano-freixenet-rose-i.g.t-veneto/11688513.html,2025-09-27 02:09:14
Soriana,Cupcake,421.0,495.29,15.0,750 ML,Vino rosado,Estados Unidos,,,https://www.soriana.com/vino-rosado-americano-cupcake-rose-750ml/11712870.html,2025-09-27 02:09:26
Soriana,Les Légendes,445.0,523.53,15.0,750 ML,blanco,Francia,,Cabernet Sauvignon,https://www.soriana.com/vino-blanco-frances--les-legendes-r-cabernet-sauvignon-750ml/11651104.html,2025-09-27 02:08:59
Soriana,Cadus,449.0,528.24,15.0,750 ML,Blanco,Argentina,,Chardonnay,https://www.soriana.com/vino-blanco-argentino-cadus-apellation-chardonnay-750ml/11769946.html,2025-09-27 02:09:11
Soriana,Calixa Blend,459.0,540.0,15.0,750 ML,tinto,,,,https://www.soriana.com/vino-tinto-calixa-blend-ensamble-especial-750-ml/11565249.html,2025-09-27 02:09:06
Soriana,Santa Ema,479.0,563.53,15.0,750 ML,Vino Tinto,Chile,,Carménère,https://www.soriana.com/vino-tinto-chileno-santa-ema-gran-reserva-carmenere-2022-750ml/11770361.html,2025-09-27 02:08:25
Soriana,Francois Martenot,479.0,563.53,15.0,750 ML,Blanco,Francia,,Chardonnay,https://www.soriana.com/vino-blanco-frances-francois-martenot-chardonnay-750ml/11791397.html,2025-09-27 02:08:26
Soriana,Marqués de Vitoria,489.0,575.29,15.0,750 ML,Vino Tinto,España,Rioja,Tempranillo,https://www.soriana.com/vino-tinto-espanol-marques-de-vitoria-reserva-tempranillo750ml/11655624.html,2025-09-27 02:08:48
Soriana,Faustino,499.0,587.06,15.0,750 ML,Tempranillo,España,,,https://www.soriana.com/vino-tinto-espanol-faustino-crianza-faustino-v-750-ml/11714215.html,2025-09-27 02:09:22
Soriana,Freixenet,539.0,634.12,15.0,750 ML,espumoso,,,,https://www.soriana.com/vino-espumoso-rosado-prosecco/11682515.html,2025-09-27 02:08:22
Soriana,Martini,569.0,669.41,15.0,750 ML,Vino Espumoso,Italia,,,https://www.soriana.com/vino-espumoso-italiano-martini-asti-750ml/11270551.html,2025-09-27 02:08:22
Soriana,La Caprichosa,599.0,704.71,15.0,750 ML,blanco,España,Rueda,Verdejo,https://www.soriana.com/vino-blanco-espanol-la-caprichosa-verdejo-750ml/11734846.html,2025-09-27 02:08:25
Soriana,Marqués de Vitoria,599.0,704.71,15.0,750 ML,Vino tinto,España,Rioja,Tempranillo,https://www.soriana.com/vino-tinto-espanol-marques-de-vitoria-gran-reserva-tempranillo-750-ml/11655623.html,2025-09-27 02:09:26
Soriana,Whispering Angel,679.0,798.82,15.0,750 ML,rosado,Francia,,,https://www.soriana.com/vino-rosado-frances-whispering-angel-750-ml/11676936.html,2025-09-27 02:09:03
Soriana,Charles Mignon,699.0,822.35,15.0,750 ML,Champagne,,Épernay,,https://www.soriana.com/champagne-charles-mignon-premium-reserve-brut--750-ml/11666560.html,2025-09-27 02:08:29
Soriana,Portia,699.0,822.35,15.0,750 ML,Vino Tinto,España,,Tempranillo,https://www.soriana.com/vino-tinto-espanol-portia-prima-750ml/11165500.html,2025-09-27 02:08:39
Soriana,GAVIOLI,699.0,822.35,15.0,750 ML,Blanco Espumoso,Italia,EMILIA ROMAGNA,Lambrusco,https://www.soriana.com/vino-blanco-italiano-metodo-classico-lambrusco-igt-gavioli-750-ml/11654458.html,2025-09-27 02:09:08
Soriana,Frances Maison Sainte Marguerite Symphonie,719.0,845.88,15.0,750 ML,Vino Rosado,,,Cinsault,https://www.soriana.com/vino-rosado-frances-maison-sainte-marguerite-symphonie-750ml/11792388.html,2025-09-27 02:08:51
Soriana,Monte Xanic Rosé + Copa Sin Tallo,735.0,864.71,15.0,750 ML,rosado,,,,https://www.soriana.com/vino-rosado-monte-xanic-rose-750-ml-copa-sin-tallo/11795709.html,2025-09-27 02:08:40
Soriana,Faustino,799.0,940.0,15.0,1500 ML,Vino Tinto,España,,Tempranillo,https://www.soriana.com/vino-tinto-espanol-faustino-v-reserva-1.5lt/11714218.html,2025-09-27 02:09:03
Soriana,Faustino,849.0,998.82,15.0,750 ML,Vino Tinto,España,,Blend,https://www.soriana.com/vino-tinto-espanol-faustino-icon-750ml/11714221.html,2025-09-27 02:08:39
Soriana,Charles Mignon,899.0,1057.65,15.0,750 ML,Vino Espumoso,,,,https://www.soriana.com/champagne-charles-mignon-demi-sec-750-ml/11814702.html,2025-09-27 02:08:51
Soriana,Monte Xanic,949.0,1116.47,15.0,750 ML,Vino Tinto,México,,Merlot,https://www.soriana.com/vino-tinto-mexicano-monte-xanic-merlot-750ml/1357750.html,2025-09-27 02:08:55
Soriana,Faustino,949.0,1116.47,15.0,750 ML,Vinos y Licores,España,,Tempranillo,https://www.soriana.com/3-pack-vino-tinto-espanol-faustino-i-v-y-crianza-750-ml/11714214.html,2025-09-27 02:09:11
Soriana,Charles Mignon,1299.0,1528.24,15.0,750 ML,Champagne,,,,https://www.soriana.com/champagne-charles-mignon-brut-grand-cru-750ml/11723118.html,2025-09-27 02:09:15
Soriana,Arzuaga,1345.0,1582.35,15.0,750 ML,Vino Tinto,España,,Tempranillo,https://www.soriana.com/vino-tinto-espanol-arzuaga-crianza-tempranillo-750ml/11165697.html,2025-09-27 02:09:18
Soriana,Moet & Chandon,2109.0,2481.18,15.0,750 ML,Vino espumoso,,,,https://www.soriana.com/ch-moet-chandon-ice-imperial-750/9030068.html,2025-09-27 02:09:26
Vinoteca,Espumoso Cinzano Pro Spritz,209.0,,,750 ML,,ITALIA,ASTI,BLEND DE BLANCAS,https://www.vinoteca.com/espumoso-cinzano-pro-spritz-750-ml/p,2025-09-25 02:32:06
Vinoteca,Navarro Correas Coleccion Privada Blend,293.3,419.0,30.0,750 ML,tinto,ARGENTINA,MENDOZA,BLEND DE TINTAS,https://www.vinoteca.com/vino-tinto-navarro-correas-coleccion-privada-blend-750-ml/p,2025-09-25 02:32:07
Vinoteca,Grand Bateau Bordeaux,313.65,369.0,15.0,750 ML,tinto,FRANCIA,BORDEAUX SUPERIEUR,BORDEAUX BLEND,https://www.vinoteca.com/vino-tinto-grand-bateau-bordeaux-750-ml/p,2025-09-25 02:32:07
Vinoteca,Chateau Ste Michelle Riesling,419.0,,,750 ML,blanco,EUA,"COLUMBIA VALLEY, WASHINGTON",RIESLING,https://www.vinoteca.com/vino-blanco-chateau-ste-michelle-riesling-750-ml/p,2025-09-25 02:32:06
Vinoteca,Casa Madero 3V,515.0,,,750 ML,tinto,MEXICO,PARRAS DE LA FUENTE,BLEND DE TINTAS,https://www.vinoteca.com/vino-tinto-casa-madero-3v-750-ml/p,2025-09-25 02:32:08
Vinoteca,Vina Alberdi Reserva,568.65,669.0,15.0,750 ML,tinto,ESPAÑA,RIOJA ALTA,TEMPRANILLO,https://www.vinoteca.com/vino-tinto-vina-alberdi-reserva-750-ml/p,2025-09-25 02:32:08
Vinoteca,Emilio Moro,759.0,,,750 ML,tinto,ESPAÑA,RIBERA DEL DUERO,TEMPRANILLO,https://www.vinoteca.com/vino-tinto-emilio-moro-750-ml/p,2025-09-25 02:32:06
Vinoteca,Matarromera Crianza,1062.0,,,750 ML,tinto,ESPAÑA,,TEMPRANILLO,https://www.vinoteca.com/vino-tinto-matarromera-crianza-750-ml/p,2025-09-25 02:32:08
